date,visitor,home,home_win,elo
Tue Oct 22 2024,New York Knicks,Boston Celtics,1.0,0.0
Tue Oct 22 2024,Minnesota Timberwolves,Los Angeles Lakers,1.0,0.0
Wed Oct 23 2024,Indiana Pacers,Detroit Pistons,0.0,0.0
Wed Oct 23 2024,Brooklyn Nets,Atlanta Hawks,1.0,0.0
Wed Oct 23 2024,Orlando Magic,Miami Heat,0.0,0.0
Wed Oct 23 2024,Milwaukee Bucks,Philadelphia 76ers,0.0,0.0
Wed Oct 23 2024,Cleveland Cavaliers,Toronto Raptors,0.0,0.0
Wed Oct 23 2024,Charlotte Hornets,Houston Rockets,0.0,0.0
Wed Oct 23 2024,Chicago Bulls,New Orleans Pelicans,1.0,0.0
Wed Oct 23 2024,Memphis Grizzlies,Utah Jazz,0.0,0.0
Wed Oct 23 2024,Phoenix Suns,Los Angeles Clippers,0.0,0.0
Wed Oct 23 2024,Golden State Warriors,Portland Trail Blazers,0.0,0.0
Thu Oct 24 2024,Boston Celtics,Washington Wizards,0.0,-12.0
Thu Oct 24 2024,San Antonio Spurs,Dallas Mavericks,1.0,0.0
Thu Oct 24 2024,Minnesota Timberwolves,Sacramento Kings,0.0,12.0
Thu Oct 24 2024,Oklahoma City Thunder,Denver Nuggets,0.0,0.0
Fri Oct 25 2024,Brooklyn Nets,Orlando Magic,1.0,24.0
Fri Oct 25 2024,Philadelphia 76ers,Toronto Raptors,1.0,0.0
Fri Oct 25 2024,Charlotte Hornets,Atlanta Hawks,1.0,0.0
Fri Oct 25 2024,Detroit Pistons,Cleveland Cavaliers,1.0,24.0
Fri Oct 25 2024,Indiana Pacers,New York Knicks,1.0,-24.0
Fri Oct 25 2024,Memphis Grizzlies,Houston Rockets,1.0,-24.0
Fri Oct 25 2024,Chicago Bulls,Milwaukee Bucks,0.0,24.0
Fri Oct 25 2024,Golden State Warriors,Utah Jazz,0.0,-24.0
Fri Oct 25 2024,Phoenix Suns,Los Angeles Lakers,1.0,0.0
Fri Oct 25 2024,New Orleans Pelicans,Portland Trail Blazers,0.0,-24.0
Sat Oct 26 2024,Los Angeles Clippers,Denver Nuggets,0.0,0.0
Sat Oct 26 2024,Cleveland Cavaliers,Washington Wizards,0.0,-35.0
Sat Oct 26 2024,Boston Celtics,Detroit Pistons,0.0,-47.0
Sat Oct 26 2024,Miami Heat,Charlotte Hornets,0.0,12.0
Sat Oct 26 2024,Orlando Magic,Memphis Grizzlies,1.0,-24.0
Sat Oct 26 2024,Toronto Raptors,Minnesota Timberwolves,1.0,0.0
Sat Oct 26 2024,Oklahoma City Thunder,Chicago Bulls,0.0,-11.0
Sat Oct 26 2024,Houston Rockets,San Antonio Spurs,1.0,-13.0
Sat Oct 26 2024,Dallas Mavericks,Phoenix Suns,1.0,-12.0
Sat Oct 26 2024,Sacramento Kings,Los Angeles Lakers,1.0,36.0
Sun Oct 27 2024,Philadelphia 76ers,Indiana Pacers,0.0,23.0
Sun Oct 27 2024,New Orleans Pelicans,Portland Trail Blazers,1.0,-46.0
Sun Oct 27 2024,Milwaukee Bucks,Brooklyn Nets,1.0,-22.0
Sun Oct 27 2024,Atlanta Hawks,Oklahoma City Thunder,1.0,0.0
Sun Oct 27 2024,Los Angeles Clippers,Golden State Warriors,0.0,23.0
Mon Oct 28 2024,Indiana Pacers,Orlando Magic,1.0,24.0
Mon Oct 28 2024,Washington Wizards,Atlanta Hawks,0.0,35.0
Mon Oct 28 2024,Milwaukee Bucks,Boston Celtics,1.0,48.0
Mon Oct 28 2024,Denver Nuggets,Toronto Raptors,0.0,12.0
Mon Oct 28 2024,Detroit Pistons,Miami Heat,1.0,33.0
Mon Oct 28 2024,Cleveland Cavaliers,New York Knicks,0.0,-33.0
Mon Oct 28 2024,Houston Rockets,San Antonio Spurs,0.0,11.0
Mon Oct 28 2024,Chicago Bulls,Memphis Grizzlies,0.0,23.0
Mon Oct 28 2024,Utah Jazz,Dallas Mavericks,1.0,23.0
Mon Oct 28 2024,Portland Trail Blazers,Sacramento Kings,1.0,-14.0
Mon Oct 28 2024,Los Angeles Lakers,Phoenix Suns,1.0,-23.0
Tue Oct 29 2024,Denver Nuggets,Brooklyn Nets,0.0,2.0
Tue Oct 29 2024,Dallas Mavericks,Minnesota Timberwolves,0.0,1.0
Tue Oct 29 2024,Sacramento Kings,Utah Jazz,0.0,-23.0
Tue Oct 29 2024,New Orleans Pelicans,Golden State Warriors,1.0,1.0
Wed Oct 30 2024,Detroit Pistons,Philadelphia 76ers,0.0,33.0
Wed Oct 30 2024,Atlanta Hawks,Washington Wizards,1.0,-9.0
Wed Oct 30 2024,Boston Celtics,Indiana Pacers,1.0,-69.0
Wed Oct 30 2024,Los Angeles Lakers,Cleveland Cavaliers,1.0,23.0
Wed Oct 30 2024,Toronto Raptors,Charlotte Hornets,1.0,12.0
Wed Oct 30 2024,New York Knicks,Miami Heat,0.0,21.0
Wed Oct 30 2024,Orlando Magic,Chicago Bulls,1.0,-19.0
Wed Oct 30 2024,Brooklyn Nets,Memphis Grizzlies,0.0,21.0
Wed Oct 30 2024,San Antonio Spurs,Oklahoma City Thunder,1.0,48.0
Wed Oct 30 2024,New Orleans Pelicans,Golden State Warriors,1.0,25.0
Wed Oct 30 2024,Portland Trail Blazers,Los Angeles Clippers,0.0,34.0
Thu Oct 31 2024,Milwaukee Bucks,Memphis Grizzlies,1.0,10.0
Thu Oct 31 2024,Houston Rockets,Dallas Mavericks,0.0,22.0
Thu Oct 31 2024,San Antonio Spurs,Utah Jazz,0.0,-23.0
Thu Oct 31 2024,Phoenix Suns,Los Angeles Clippers,0.0,-25.0
Fri Nov 1 2024,Boston Celtics,Charlotte Hornets,0.0,-30.0
Fri Nov 1 2024,Orlando Magic,Cleveland Cavaliers,1.0,48.0
Fri Nov 1 2024,New York Knicks,Detroit Pistons,0.0,-34.0
Fri Nov 1 2024,Sacramento Kings,Atlanta Hawks,0.0,-13.0
Fri Nov 1 2024,Chicago Bulls,Brooklyn Nets,1.0,-24.0
Fri Nov 1 2024,Los Angeles Lakers,Toronto Raptors,0.0,-47.0
Fri Nov 1 2024,Indiana Pacers,New Orleans Pelicans,1.0,-3.0
Fri Nov 1 2024,Denver Nuggets,Minnesota Timberwolves,1.0,0.0
Fri Nov 1 2024,Oklahoma City Thunder,Portland Trail Blazers,0.0,-54.0
Sat Nov 2 2024,Boston Celtics,Charlotte Hornets,0.0,-52.0
Sat Nov 2 2024,Memphis Grizzlies,Philadelphia 76ers,0.0,-22.0
Sat Nov 2 2024,Sacramento Kings,Toronto Raptors,1.0,-58.0
Sat Nov 2 2024,Golden State Warriors,Houston Rockets,0.0,-19.0
Sat Nov 2 2024,Cleveland Cavaliers,Milwaukee Bucks,0.0,-102.0
Sat Nov 2 2024,Minnesota Timberwolves,San Antonio Spurs,1.0,-23.0
Sat Nov 2 2024,Miami Heat,Washington Wizards,0.0,4.0
Sat Nov 2 2024,Utah Jazz,Denver Nuggets,1.0,44.0
Sat Nov 2 2024,Portland Trail Blazers,Phoenix Suns,1.0,54.0
Sat Nov 2 2024,Oklahoma City Thunder,Los Angeles Clippers,0.0,-67.0
Sun Nov 3 2024,Detroit Pistons,Brooklyn Nets,0.0,46.0
Sun Nov 3 2024,Atlanta Hawks,New Orleans Pelicans,0.0,23.0
Sun Nov 3 2024,Orlando Magic,Dallas Mavericks,1.0,12.0
Mon Nov 4 2024,Milwaukee Bucks,Cleveland Cavaliers,1.0,120.0
Mon Nov 4 2024,Golden State Warriors,Washington Wizards,0.0,-54.0
Mon Nov 4 2024,Los Angeles Lakers,Detroit Pistons,1.0,-49.0
Mon Nov 4 2024,Boston Celtics,Atlanta Hawks,0.0,-63.0
Mon Nov 4 2024,Memphis Grizzlies,Brooklyn Nets,1.0,-19.0
Mon Nov 4 2024,Sacramento Kings,Miami Heat,0.0,12.0
Mon Nov 4 2024,Utah Jazz,Chicago Bulls,0.0,68.0
Mon Nov 4 2024,New York Knicks,Houston Rockets,1.0,-11.0
Mon Nov 4 2024,Charlotte Hornets,Minnesota Timberwolves,1.0,20.0
Mon Nov 4 2024,Orlando Magic,Oklahoma City Thunder,1.0,80.0
Mon Nov 4 2024,Portland Trail Blazers,New Orleans Pelicans,0.0,13.0
Mon Nov 4 2024,Indiana Pacers,Dallas Mavericks,0.0,45.0
Mon Nov 4 2024,Toronto Raptors,Denver Nuggets,1.0,30.0
Mon Nov 4 2024,Philadelphia 76ers,Phoenix Suns,1.0,81.0
Mon Nov 4 2024,San Antonio Spurs,Los Angeles Clippers,1.0,-23.0
Wed Nov 6 2024,Detroit Pistons,Charlotte Hornets,1.0,-18.0
Wed Nov 6 2024,Orlando Magic,Indiana Pacers,1.0,14.0
Wed Nov 6 2024,New York Knicks,Atlanta Hawks,1.0,-24.0
Wed Nov 6 2024,Golden State Warriors,Boston Celtics,0.0,7.0
Wed Nov 6 2024,San Antonio Spurs,Houston Rockets,1.0,26.0
Wed Nov 6 2024,Los Angeles Lakers,Memphis Grizzlies,1.0,-11.0
Wed Nov 6 2024,Cleveland Cavaliers,New Orleans Pelicans,0.0,-110.0
Wed Nov 6 2024,Chicago Bulls,Dallas Mavericks,1.0,20.0
Wed Nov 6 2024,Oklahoma City Thunder,Denver Nuggets,1.0,-66.0
Wed Nov 6 2024,Miami Heat,Phoenix Suns,1.0,57.0
Wed Nov 6 2024,Philadelphia 76ers,Los Angeles Clippers,1.0,36.0
Wed Nov 6 2024,Toronto Raptors,Sacramento Kings,1.0,53.0
Thu Nov 7 2024,Minnesota Timberwolves,Chicago Bulls,0.0,-33.0
Thu Nov 7 2024,Utah Jazz,Milwaukee Bucks,1.0,-1.0
Thu Nov 7 2024,Portland Trail Blazers,San Antonio Spurs,1.0,-6.0
Fri Nov 8 2024,Indiana Pacers,Charlotte Hornets,1.0,-22.0
Fri Nov 8 2024,Atlanta Hawks,Detroit Pistons,1.0,-18.0
Fri Nov 8 2024,New Orleans Pelicans,Orlando Magic,1.0,0.0
Fri Nov 8 2024,Brooklyn Nets,Boston Celtics,1.0,46.0
Fri Nov 8 2024,Golden State Warriors,Cleveland Cavaliers,1.0,25.0
Fri Nov 8 2024,Phoenix Suns,Dallas Mavericks,0.0,-46.0
Fri Nov 8 2024,Milwaukee Bucks,New York Knicks,1.0,30.0
Fri Nov 8 2024,Washington Wizards,Memphis Grizzlies,1.0,28.0
Fri Nov 8 2024,Houston Rockets,Oklahoma City Thunder,1.0,35.0
Fri Nov 8 2024,Miami Heat,Denver Nuggets,1.0,35.0
Fri Nov 8 2024,Portland Trail Blazers,Minnesota Timberwolves,1.0,49.0
Fri Nov 8 2024,Philadelphia 76ers,Los Angeles Lakers,1.0,50.0
Fri Nov 8 2024,Los Angeles Clippers,Sacramento Kings,0.0,17.0
Sat Nov 9 2024,Utah Jazz,San Antonio Spurs,0.0,54.0
Sat Nov 9 2024,Chicago Bulls,Atlanta Hawks,0.0,12.0
Sat Nov 9 2024,Brooklyn Nets,Cleveland Cavaliers,1.0,109.0
Sat Nov 9 2024,Toronto Raptors,Los Angeles Clippers,1.0,69.0
Sun Nov 10 2024,Houston Rockets,Detroit Pistons,0.0,-29.0
Sun Nov 10 2024,Boston Celtics,Milwaukee Bucks,0.0,-111.0
Sun Nov 10 2024,New York Knicks,Indiana Pacers,1.0,-10.0
Sun Nov 10 2024,Washington Wizards,Orlando Magic,1.0,8.0
Sun Nov 10 2024,Miami Heat,Minnesota Timberwolves,0.0,54.0
Sun Nov 10 2024,Golden State Warriors,Oklahoma City Thunder,0.0,17.0
Sun Nov 10 2024,Charlotte Hornets,Philadelphia 76ers,1.0,-59.0
Sun Nov 10 2024,Dallas Mavericks,Denver Nuggets,1.0,25.0
Sun Nov 10 2024,Sacramento Kings,Phoenix Suns,0.0,68.0
Sun Nov 10 2024,Memphis Grizzlies,Portland Trail Blazers,0.0,-57.0
Sun Nov 10 2024,Toronto Raptors,Los Angeles Lakers,1.0,68.0
Mon Nov 11 2024,Cleveland Cavaliers,Chicago Bulls,0.0,-132.0
Mon Nov 11 2024,Washington Wizards,Houston Rockets,1.0,69.0
Mon Nov 11 2024,Brooklyn Nets,New Orleans Pelicans,0.0,-32.0
Mon Nov 11 2024,Los Angeles Clippers,Oklahoma City Thunder,1.0,33.0
Mon Nov 11 2024,Sacramento Kings,San Antonio Spurs,1.0,-45.0
Tue Nov 12 2024,Atlanta Hawks,Boston Celtics,0.0,101.0
Tue Nov 12 2024,Miami Heat,Detroit Pistons,1.0,-16.0
Tue Nov 12 2024,Charlotte Hornets,Orlando Magic,1.0,9.0
Tue Nov 12 2024,New York Knicks,Philadelphia 76ers,0.0,-39.0
Tue Nov 12 2024,Toronto Raptors,Milwaukee Bucks,1.0,13.0
Tue Nov 12 2024,Phoenix Suns,Utah Jazz,0.0,-111.0
Tue Nov 12 2024,Dallas Mavericks,Golden State Warriors,1.0,70.0
Tue Nov 12 2024,Minnesota Timberwolves,Portland Trail Blazers,1.0,-65.0
Wed Nov 13 2024,Indiana Pacers,Orlando Magic,1.0,-1.0
Wed Nov 13 2024,Boston Celtics,Brooklyn Nets,0.0,-56.0
Wed Nov 13 2024,Chicago Bulls,New York Knicks,0.0,29.0
Wed Nov 13 2024,New Orleans Pelicans,Oklahoma City Thunder,1.0,128.0
Wed Nov 13 2024,Cleveland Cavaliers,Philadelphia 76ers,0.0,-180.0
Wed Nov 13 2024,Los Angeles Clippers,Houston Rockets,1.0,21.0
Wed Nov 13 2024,Detroit Pistons,Milwaukee Bucks,1.0,-36.0
Wed Nov 13 2024,Washington Wizards,San Antonio Spurs,1.0,43.0
Wed Nov 13 2024,Memphis Grizzlies,Los Angeles Lakers,1.0,-14.0
Wed Nov 13 2024,Minnesota Timberwolves,Portland Trail Blazers,1.0,-37.0
Wed Nov 13 2024,Phoenix Suns,Sacramento Kings,1.0,-62.0
Thu Nov 14 2024,Dallas Mavericks,Utah Jazz,1.0,-46.0
Fri Nov 15 2024,Miami Heat,Indiana Pacers,0.0,12.0
Fri Nov 15 2024,Philadelphia 76ers,Orlando Magic,1.0,81.0
Fri Nov 15 2024,Detroit Pistons,Toronto Raptors,0.0,-60.0
Fri Nov 15 2024,Washington Wizards,Atlanta Hawks,1.0,45.0
Fri Nov 15 2024,Chicago Bulls,Cleveland Cavaliers,1.0,141.0
Fri Nov 15 2024,Brooklyn Nets,New York Knicks,1.0,0.0
Fri Nov 15 2024,Los Angeles Lakers,San Antonio Spurs,0.0,-26.0
Fri Nov 15 2024,Los Angeles Clippers,Houston Rockets,1.0,43.0
Fri Nov 15 2024,Denver Nuggets,New Orleans Pelicans,1.0,-111.0
Fri Nov 15 2024,Phoenix Suns,Oklahoma City Thunder,1.0,23.0
Fri Nov 15 2024,Memphis Grizzlies,Golden State Warriors,1.0,61.0
Fri Nov 15 2024,Minnesota Timberwolves,Sacramento Kings,0.0,31.0
Sat Nov 16 2024,Milwaukee Bucks,Charlotte Hornets,1.0,3.0
Sat Nov 16 2024,Toronto Raptors,Boston Celtics,1.0,157.0
Sat Nov 16 2024,Los Angeles Lakers,New Orleans Pelicans,0.0,-88.0
Sat Nov 16 2024,San Antonio Spurs,Dallas Mavericks,1.0,-16.0
Sat Nov 16 2024,Utah Jazz,Sacramento Kings,1.0,52.0
Sun Nov 17 2024,Phoenix Suns,Minnesota Timberwolves,1.0,-41.0
Sun Nov 17 2024,Miami Heat,Indiana Pacers,1.0,-12.0
Sun Nov 17 2024,Charlotte Hornets,Cleveland Cavaliers,1.0,151.0
Sun Nov 17 2024,Denver Nuggets,Memphis Grizzlies,1.0,-22.0
Sun Nov 17 2024,Atlanta Hawks,Portland Trail Blazers,1.0,-12.0
Sun Nov 17 2024,Detroit Pistons,Washington Wizards,0.0,-59.0
Sun Nov 17 2024,Houston Rockets,Chicago Bulls,0.0,-82.0
Sun Nov 17 2024,Brooklyn Nets,New York Knicks,1.0,24.0
Sun Nov 17 2024,Dallas Mavericks,Oklahoma City Thunder,0.0,102.0
Sun Nov 17 2024,Utah Jazz,Los Angeles Clippers,1.0,47.0
Mon Nov 18 2024,Chicago Bulls,Detroit Pistons,0.0,28.0
Mon Nov 18 2024,Philadelphia 76ers,Miami Heat,1.0,55.0
Mon Nov 18 2024,Washington Wizards,New York Knicks,1.0,93.0
Mon Nov 18 2024,Indiana Pacers,Toronto Raptors,1.0,-92.0
Mon Nov 18 2024,Houston Rockets,Milwaukee Bucks,1.0,-114.0
Mon Nov 18 2024,Orlando Magic,Phoenix Suns,0.0,9.0
Mon Nov 18 2024,Atlanta Hawks,Sacramento Kings,0.0,39.0
Mon Nov 18 2024,Golden State Warriors,Los Angeles Clippers,1.0,-85.0
Tue Nov 19 2024,Cleveland Cavaliers,Boston Celtics,1.0,-69.0
Tue Nov 19 2024,Charlotte Hornets,Brooklyn Nets,1.0,-10.0
Tue Nov 19 2024,Denver Nuggets,Memphis Grizzlies,0.0,4.0
Tue Nov 19 2024,New Orleans Pelicans,Dallas Mavericks,1.0,61.0
Tue Nov 19 2024,Oklahoma City Thunder,San Antonio Spurs,1.0,-97.0
Tue Nov 19 2024,Utah Jazz,Los Angeles Lakers,1.0,111.0
Wed Nov 20 2024,New Orleans Pelicans,Cleveland Cavaliers,1.0,193.0
Wed Nov 20 2024,Chicago Bulls,Milwaukee Bucks,1.0,-11.0
Wed Nov 20 2024,Indiana Pacers,Houston Rockets,1.0,76.0
Wed Nov 20 2024,Philadelphia 76ers,Memphis Grizzlies,1.0,95.0
Wed Nov 20 2024,Portland Trail Blazers,Oklahoma City Thunder,1.0,68.0
Wed Nov 20 2024,Atlanta Hawks,Golden State Warriors,1.0,81.0
Wed Nov 20 2024,New York Knicks,Phoenix Suns,0.0,1.0
Wed Nov 20 2024,Orlando Magic,Los Angeles Clippers,1.0,-16.0
Thu Nov 21 2024,Detroit Pistons,Charlotte Hornets,1.0,-21.0
Thu Nov 21 2024,Minnesota Timberwolves,Toronto Raptors,1.0,-103.0
Thu Nov 21 2024,Utah Jazz,San Antonio Spurs,1.0,64.0
Thu Nov 21 2024,Orlando Magic,Los Angeles Lakers,0.0,34.0
Fri Nov 22 2024,Brooklyn Nets,Philadelphia 76ers,1.0,-71.0
Fri Nov 22 2024,Boston Celtics,Washington Wizards,0.0,-176.0
Fri Nov 22 2024,Golden State Warriors,New Orleans Pelicans,0.0,-157.0
Fri Nov 22 2024,Atlanta Hawks,Chicago Bulls,1.0,-15.0
Fri Nov 22 2024,Portland Trail Blazers,Houston Rockets,1.0,79.0
Fri Nov 22 2024,Indiana Pacers,Milwaukee Bucks,1.0,15.0
Fri Nov 22 2024,Dallas Mavericks,Denver Nuggets,0.0,16.0
Fri Nov 22 2024,Sacramento Kings,Los Angeles Clippers,1.0,26.0
Sat Nov 23 2024,New York Knicks,Utah Jazz,1.0,-112.0
Sat Nov 23 2024,Detroit Pistons,Orlando Magic,1.0,65.0
Sat Nov 23 2024,Memphis Grizzlies,Chicago Bulls,0.0,-36.0
Sat Nov 23 2024,Portland Trail Blazers,Houston Rockets,0.0,97.0
Sat Nov 23 2024,Charlotte Hornets,Milwaukee Bucks,1.0,18.0
Sat Nov 23 2024,Golden State Warriors,San Antonio Spurs,1.0,-87.0
Sat Nov 23 2024,Denver Nuggets,Los Angeles Lakers,0.0,27.0
Sun Nov 24 2024,Minnesota Timberwolves,Boston Celtics,1.0,88.0
Sun Nov 24 2024,Washington Wizards,Indiana Pacers,1.0,54.0
Sun Nov 24 2024,Dallas Mavericks,Miami Heat,1.0,-37.0
Sun Nov 24 2024,Los Angeles Clippers,Philadelphia 76ers,0.0,-124.0
Sun Nov 24 2024,Toronto Raptors,Cleveland Cavaliers,1.0,202.0
Sun Nov 24 2024,Brooklyn Nets,Sacramento Kings,0.0,33.0
Mon Nov 25 2024,Orlando Magic,Charlotte Hornets,0.0,-81.0
Mon Nov 25 2024,Toronto Raptors,Detroit Pistons,1.0,37.0
Mon Nov 25 2024,New Orleans Pelicans,Indiana Pacers,1.0,47.0
Mon Nov 25 2024,Dallas Mavericks,Atlanta Hawks,0.0,-42.0
Mon Nov 25 2024,Los Angeles Clippers,Boston Celtics,1.0,48.0
Mon Nov 25 2024,Portland Trail Blazers,Memphis Grizzlies,1.0,41.0
Mon Nov 25 2024,New York Knicks,Denver Nuggets,0.0,14.0
Mon Nov 25 2024,Brooklyn Nets,Golden State Warriors,0.0,100.0
Mon Nov 25 2024,Oklahoma City Thunder,Sacramento Kings,0.0,-88.0
Tue Nov 26 2024,Chicago Bulls,Washington Wizards,0.0,-79.0
Tue Nov 26 2024,Milwaukee Bucks,Miami Heat,0.0,-2.0
Tue Nov 26 2024,Houston Rockets,Minnesota Timberwolves,0.0,-62.0
Tue Nov 26 2024,San Antonio Spurs,Utah Jazz,0.0,-83.0
Tue Nov 26 2024,Los Angeles Lakers,Phoenix Suns,1.0,-22.0
Wed Nov 27 2024,Miami Heat,Charlotte Hornets,0.0,-35.0
Wed Nov 27 2024,Atlanta Hawks,Cleveland Cavaliers,0.0,177.0
Wed Nov 27 2024,Portland Trail Blazers,Indiana Pacers,1.0,-1.0
Wed Nov 27 2024,Chicago Bulls,Orlando Magic,1.0,74.0
Wed Nov 27 2024,Houston Rockets,Philadelphia 76ers,0.0,-154.0
Wed Nov 27 2024,Los Angeles Clippers,Washington Wizards,0.0,-158.0
Wed Nov 27 2024,New York Knicks,Dallas Mavericks,1.0,-3.0
Wed Nov 27 2024,Detroit Pistons,Memphis Grizzlies,1.0,69.0
Wed Nov 27 2024,Sacramento Kings,Minnesota Timberwolves,0.0,10.0
Wed Nov 27 2024,Toronto Raptors,New Orleans Pelicans,0.0,-3.0
Wed Nov 27 2024,Los Angeles Lakers,San Antonio Spurs,0.0,10.0
Wed Nov 27 2024,Brooklyn Nets,Phoenix Suns,0.0,31.0
Wed Nov 27 2024,Denver Nuggets,Utah Jazz,0.0,-91.0
Wed Nov 27 2024,Oklahoma City Thunder,Golden State Warriors,0.0,-19.0
Fri Nov 29 2024,New York Knicks,Charlotte Hornets,0.0,-71.0
Fri Nov 29 2024,Cleveland Cavaliers,Atlanta Hawks,1.0,-141.0
Fri Nov 29 2024,New Orleans Pelicans,Memphis Grizzlies,1.0,153.0
Fri Nov 29 2024,Orlando Magic,Brooklyn Nets,0.0,-60.0
Fri Nov 29 2024,Los Angeles Clippers,Minnesota Timberwolves,1.0,-77.0
Fri Nov 29 2024,Boston Celtics,Chicago Bulls,0.0,-138.0
Fri Nov 29 2024,Detroit Pistons,Indiana Pacers,0.0,27.0
Fri Nov 29 2024,Toronto Raptors,Miami Heat,1.0,77.0
Fri Nov 29 2024,Oklahoma City Thunder,Los Angeles Lakers,0.0,-61.0
Fri Nov 29 2024,Sacramento Kings,Portland Trail Blazers,1.0,-20.0
Sat Nov 30 2024,Atlanta Hawks,Charlotte Hornets,0.0,-61.0
Sat Nov 30 2024,Philadelphia 76ers,Detroit Pistons,0.0,70.0
Sat Nov 30 2024,Washington Wizards,Milwaukee Bucks,1.0,140.0
Sat Nov 30 2024,Golden State Warriors,Phoenix Suns,1.0,-41.0
Sat Nov 30 2024,Dallas Mavericks,Utah Jazz,0.0,-119.0
Sun Dec 1 2024,Orlando Magic,Brooklyn Nets,0.0,-80.0
Sun Dec 1 2024,Indiana Pacers,Memphis Grizzlies,1.0,82.0
Sun Dec 1 2024,Boston Celtics,Cleveland Cavaliers,1.0,-14.0
Sun Dec 1 2024,New Orleans Pelicans,New York Knicks,1.0,135.0
Sun Dec 1 2024,Miami Heat,Toronto Raptors,1.0,-95.0
Sun Dec 1 2024,Oklahoma City Thunder,Houston Rockets,1.0,-28.0
Sun Dec 1 2024,Los Angeles Lakers,Utah Jazz,0.0,-110.0
Sun Dec 1 2024,Dallas Mavericks,Portland Trail Blazers,0.0,-66.0
Sun Dec 1 2024,San Antonio Spurs,Sacramento Kings,0.0,-43.0
Sun Dec 1 2024,Denver Nuggets,Los Angeles Clippers,1.0,7.0
Mon Dec 2 2024,New Orleans Pelicans,Atlanta Hawks,1.0,123.0
Mon Dec 2 2024,Miami Heat,Boston Celtics,1.0,109.0
Mon Dec 2 2024,Brooklyn Nets,Chicago Bulls,1.0,-20.0
Mon Dec 2 2024,Los Angeles Lakers,Minnesota Timberwolves,1.0,-41.0
Tue Dec 3 2024,Philadelphia 76ers,Charlotte Hornets,0.0,6.0
Tue Dec 3 2024,Washington Wizards,Cleveland Cavaliers,1.0,245.0
Tue Dec 3 2024,Milwaukee Bucks,Detroit Pistons,0.0,-63.0
Tue Dec 3 2024,Orlando Magic,New York Knicks,1.0,-49.0
Tue Dec 3 2024,Indiana Pacers,Toronto Raptors,1.0,-36.0
Tue Dec 3 2024,Utah Jazz,Oklahoma City Thunder,1.0,186.0
Tue Dec 3 2024,Memphis Grizzlies,Dallas Mavericks,1.0,-12.0
Tue Dec 3 2024,San Antonio Spurs,Phoenix Suns,1.0,-5.0
Tue Dec 3 2024,Golden State Warriors,Denver Nuggets,1.0,-22.0
Tue Dec 3 2024,Houston Rockets,Sacramento Kings,1.0,-124.0
Tue Dec 3 2024,Portland Trail Blazers,Los Angeles Clippers,1.0,77.0
Wed Dec 4 2024,Detroit Pistons,Boston Celtics,1.0,162.0
Wed Dec 4 2024,Indiana Pacers,Brooklyn Nets,1.0,18.0
Wed Dec 4 2024,Los Angeles Lakers,Miami Heat,1.0,-27.0
Wed Dec 4 2024,Orlando Magic,Philadelphia 76ers,0.0,-138.0
Wed Dec 4 2024,Atlanta Hawks,Milwaukee Bucks,0.0,20.0
Wed Dec 4 2024,Minnesota Timberwolves,Los Angeles Clippers,0.0,55.0
Thu Dec 5 2024,Denver Nuggets,Cleveland Cavaliers,1.0,92.0
Thu Dec 5 2024,Dallas Mavericks,Washington Wizards,0.0,-202.0
Thu Dec 5 2024,Charlotte Hornets,New York Knicks,1.0,135.0
Thu Dec 5 2024,Oklahoma City Thunder,Toronto Raptors,0.0,-150.0
Thu Dec 5 2024,Sacramento Kings,Memphis Grizzlies,1.0,77.0
Thu Dec 5 2024,Phoenix Suns,New Orleans Pelicans,1.0,-159.0
Thu Dec 5 2024,Chicago Bulls,San Antonio Spurs,0.0,37.0
Thu Dec 5 2024,Houston Rockets,Golden State Warriors,1.0,-46.0
Fri Dec 6 2024,Orlando Magic,Philadelphia 76ers,1.0,-152.0
Fri Dec 6 2024,Los Angeles Lakers,Atlanta Hawks,1.0,25.0
Fri Dec 6 2024,Milwaukee Bucks,Boston Celtics,1.0,99.0
Fri Dec 6 2024,Indiana Pacers,Chicago Bulls,0.0,48.0
Fri Dec 6 2024,Sacramento Kings,San Antonio Spurs,0.0,33.0
Fri Dec 6 2024,Minnesota Timberwolves,Golden State Warriors,0.0,24.0
Fri Dec 6 2024,Utah Jazz,Portland Trail Blazers,0.0,64.0
Sat Dec 7 2024,Cleveland Cavaliers,Charlotte Hornets,0.0,-224.0
Sat Dec 7 2024,Oklahoma City Thunder,New Orleans Pelicans,0.0,-209.0
Sat Dec 7 2024,Denver Nuggets,Washington Wizards,1.0,-160.0
Sat Dec 7 2024,Detroit Pistons,New York Knicks,0.0,112.0
Sat Dec 7 2024,Dallas Mavericks,Toronto Raptors,0.0,-136.0
Sat Dec 7 2024,Memphis Grizzlies,Boston Celtics,0.0,65.0
Sat Dec 7 2024,Phoenix Suns,Miami Heat,1.0,-16.0
Sun Dec 8 2024,Philadelphia 76ers,Chicago Bulls,0.0,36.0
Sun Dec 8 2024,Milwaukee Bucks,Brooklyn Nets,0.0,-29.0
Sun Dec 8 2024,Charlotte Hornets,Indiana Pacers,0.0,57.0
Sun Dec 8 2024,Denver Nuggets,Atlanta Hawks,0.0,36.0
Sun Dec 8 2024,Cleveland Cavaliers,Miami Heat,1.0,-120.0
Sun Dec 8 2024,Phoenix Suns,Orlando Magic,1.0,55.0
Sun Dec 8 2024,New Orleans Pelicans,San Antonio Spurs,1.0,103.0
Sun Dec 8 2024,Memphis Grizzlies,Washington Wizards,0.0,-202.0
Sun Dec 8 2024,Minnesota Timberwolves,Golden State Warriors,1.0,-2.0
Sun Dec 8 2024,Houston Rockets,Los Angeles Clippers,0.0,-15.0
Sun Dec 8 2024,Utah Jazz,Sacramento Kings,1.0,72.0
Sun Dec 8 2024,Portland Trail Blazers,Los Angeles Lakers,1.0,45.0
Mon Dec 9 2024,New York Knicks,Toronto Raptors,0.0,-111.0
Tue Dec 10 2024,Orlando Magic,Milwaukee Bucks,1.0,-46.0
Tue Dec 10 2024,Dallas Mavericks,Oklahoma City Thunder,1.0,26.0
Wed Dec 11 2024,Atlanta Hawks,New York Knicks,0.0,23.0
Wed Dec 11 2024,Golden State Warriors,Houston Rockets,1.0,30.0
Thu Dec 12 2024,Detroit Pistons,Boston Celtics,1.0,155.0
Thu Dec 12 2024,Toronto Raptors,Miami Heat,1.0,109.0
Thu Dec 12 2024,Sacramento Kings,New Orleans Pelicans,0.0,-115.0
Fri Dec 13 2024,Washington Wizards,Cleveland Cavaliers,1.0,248.0
Fri Dec 13 2024,Indiana Pacers,Philadelphia 76ers,0.0,11.0
Fri Dec 13 2024,Charlotte Hornets,Chicago Bulls,1.0,50.0
Fri Dec 13 2024,Brooklyn Nets,Memphis Grizzlies,1.0,112.0
Fri Dec 13 2024,Los Angeles Lakers,Minnesota Timberwolves,1.0,14.0
Fri Dec 13 2024,Los Angeles Clippers,Denver Nuggets,1.0,-15.0
Fri Dec 13 2024,Phoenix Suns,Utah Jazz,0.0,-94.0
Fri Dec 13 2024,San Antonio Spurs,Portland Trail Blazers,0.0,-62.0
Sat Dec 14 2024,Atlanta Hawks,Milwaukee Bucks,1.0,-1.0
Sat Dec 14 2024,Houston Rockets,Oklahoma City Thunder,1.0,40.0
Sun Dec 15 2024,New Orleans Pelicans,Indiana Pacers,1.0,86.0
Sun Dec 15 2024,New York Knicks,Orlando Magic,0.0,20.0
Sun Dec 15 2024,Boston Celtics,Washington Wizards,0.0,-257.0
Sun Dec 15 2024,Minnesota Timberwolves,San Antonio Spurs,0.0,-19.0
Sun Dec 15 2024,Portland Trail Blazers,Phoenix Suns,1.0,77.0
Sun Dec 15 2024,Dallas Mavericks,Golden State Warriors,0.0,-44.0
Sun Dec 15 2024,Memphis Grizzlies,Los Angeles Lakers,1.0,-103.0
Mon Dec 16 2024,Philadelphia 76ers,Charlotte Hornets,0.0,-38.0
Mon Dec 16 2024,Miami Heat,Detroit Pistons,1.0,-85.0
Mon Dec 16 2024,Cleveland Cavaliers,Brooklyn Nets,0.0,-159.0
Mon Dec 16 2024,Chicago Bulls,Toronto Raptors,0.0,-61.0
Mon Dec 16 2024,Denver Nuggets,Sacramento Kings,0.0,-28.0
Mon Dec 16 2024,Utah Jazz,Los Angeles Clippers,1.0,126.0
Tue Dec 17 2024,Milwaukee Bucks,Oklahoma City Thunder,0.0,80.0
Thu Dec 19 2024,Utah Jazz,Detroit Pistons,0.0,85.0
Thu Dec 19 2024,Oklahoma City Thunder,Orlando Magic,0.0,-72.0
Thu Dec 19 2024,Charlotte Hornets,Washington Wizards,1.0,-32.0
Thu Dec 19 2024,Chicago Bulls,Boston Celtics,0.0,142.0
Thu Dec 19 2024,Brooklyn Nets,Toronto Raptors,0.0,-54.0
Thu Dec 19 2024,New Orleans Pelicans,Houston Rockets,1.0,207.0
Thu Dec 19 2024,Golden State Warriors,Memphis Grizzlies,1.0,61.0
Thu Dec 19 2024,Atlanta Hawks,San Antonio Spurs,1.0,-29.0
Thu Dec 19 2024,Los Angeles Clippers,Dallas Mavericks,0.0,55.0
Thu Dec 19 2024,Indiana Pacers,Phoenix Suns,0.0,48.0
Thu Dec 19 2024,New York Knicks,Minnesota Timberwolves,0.0,-10.0
Thu Dec 19 2024,Denver Nuggets,Portland Trail Blazers,1.0,-122.0
Thu Dec 19 2024,Los Angeles Lakers,Sacramento Kings,0.0,-15.0
Fri Dec 20 2024,Charlotte Hornets,Philadelphia 76ers,1.0,73.0
Fri Dec 20 2024,Milwaukee Bucks,Cleveland Cavaliers,1.0,66.0
Fri Dec 20 2024,Oklahoma City Thunder,Miami Heat,0.0,-101.0
Sat Dec 21 2024,Los Angeles Lakers,Sacramento Kings,0.0,-37.0
Sat Dec 21 2024,Miami Heat,Orlando Magic,1.0,18.0
Sat Dec 21 2024,Memphis Grizzlies,Atlanta Hawks,0.0,-74.0
Sat Dec 21 2024,Utah Jazz,Brooklyn Nets,0.0,69.0
Sat Dec 21 2024,Boston Celtics,Chicago Bulls,0.0,-108.0
Sat Dec 21 2024,Philadelphia 76ers,Cleveland Cavaliers,1.0,177.0
Sat Dec 21 2024,Washington Wizards,Milwaukee Bucks,1.0,180.0
Sat Dec 21 2024,Golden State Warriors,Minnesota Timberwolves,0.0,20.0
Sat Dec 21 2024,New York Knicks,New Orleans Pelicans,0.0,-206.0
Sat Dec 21 2024,Los Angeles Clippers,Dallas Mavericks,1.0,27.0
Sat Dec 21 2024,Portland Trail Blazers,San Antonio Spurs,1.0,77.0
Sat Dec 21 2024,Detroit Pistons,Phoenix Suns,0.0,45.0
Sun Dec 22 2024,Indiana Pacers,Sacramento Kings,0.0,-11.0
Sun Dec 22 2024,Houston Rockets,Toronto Raptors,0.0,-180.0
Sun Dec 22 2024,Denver Nuggets,New Orleans Pelicans,0.0,-175.0
Mon Dec 23 2024,Houston Rockets,Charlotte Hornets,0.0,-209.0
Mon Dec 23 2024,Utah Jazz,Cleveland Cavaliers,1.0,234.0
Mon Dec 23 2024,Boston Celtics,Orlando Magic,1.0,-74.0
Mon Dec 23 2024,San Antonio Spurs,Philadelphia 76ers,1.0,-62.0
Mon Dec 23 2024,Minnesota Timberwolves,Atlanta Hawks,1.0,-9.0
Mon Dec 23 2024,Brooklyn Nets,Miami Heat,1.0,50.0
Mon Dec 23 2024,Toronto Raptors,New York Knicks,1.0,179.0
Mon Dec 23 2024,Milwaukee Bucks,Chicago Bulls,0.0,-67.0
Mon Dec 23 2024,Los Angeles Clippers,Memphis Grizzlies,0.0,68.0
Mon Dec 23 2024,Washington Wizards,Oklahoma City Thunder,1.0,265.0
Mon Dec 23 2024,Portland Trail Blazers,Dallas Mavericks,1.0,153.0
Mon Dec 23 2024,Phoenix Suns,Denver Nuggets,1.0,45.0
Mon Dec 23 2024,Indiana Pacers,Golden State Warriors,0.0,29.0
Mon Dec 23 2024,Detroit Pistons,Los Angeles Lakers,0.0,59.0
Wed Dec 25 2024,San Antonio Spurs,New York Knicks,1.0,67.0
Wed Dec 25 2024,Minnesota Timberwolves,Dallas Mavericks,0.0,83.0
Wed Dec 25 2024,Philadelphia 76ers,Boston Celtics,0.0,131.0
Wed Dec 25 2024,Los Angeles Lakers,Golden State Warriors,0.0,-6.0
Wed Dec 25 2024,Denver Nuggets,Phoenix Suns,1.0,-65.0
Thu Dec 26 2024,Oklahoma City Thunder,Indiana Pacers,0.0,-134.0
Thu Dec 26 2024,Miami Heat,Orlando Magic,0.0,45.0
Thu Dec 26 2024,Charlotte Hornets,Washington Wizards,1.0,0.0
Thu Dec 26 2024,Chicago Bulls,Atlanta Hawks,1.0,33.0
Thu Dec 26 2024,Toronto Raptors,Memphis Grizzlies,1.0,201.0
Thu Dec 26 2024,Brooklyn Nets,Milwaukee Bucks,0.0,127.0
Thu Dec 26 2024,Houston Rockets,New Orleans Pelicans,0.0,-243.0
Thu Dec 26 2024,Utah Jazz,Portland Trail Blazers,1.0,10.0
Thu Dec 26 2024,Detroit Pistons,Sacramento Kings,0.0,-26.0
Fri Dec 27 2024,New York Knicks,Orlando Magic,0.0,-38.0
Fri Dec 27 2024,Indiana Pacers,Boston Celtics,1.0,91.0
Fri Dec 27 2024,San Antonio Spurs,Brooklyn Nets,0.0,-36.0
Fri Dec 27 2024,Minnesota Timberwolves,Houston Rockets,0.0,74.0
Fri Dec 27 2024,Memphis Grizzlies,New Orleans Pelicans,0.0,-251.0
Fri Dec 27 2024,Cleveland Cavaliers,Denver Nuggets,0.0,-126.0
Fri Dec 27 2024,Dallas Mavericks,Phoenix Suns,0.0,-81.0
Fri Dec 27 2024,Golden State Warriors,Los Angeles Clippers,1.0,48.0
Sat Dec 28 2024,Miami Heat,Atlanta Hawks,1.0,0.0
Sat Dec 28 2024,Oklahoma City Thunder,Charlotte Hornets,0.0,-293.0
Sat Dec 28 2024,New York Knicks,Washington Wizards,0.0,-217.0
Sat Dec 28 2024,Milwaukee Bucks,Chicago Bulls,1.0,-82.0
Sat Dec 28 2024,Phoenix Suns,Golden State Warriors,1.0,5.0
Sat Dec 28 2024,Detroit Pistons,Denver Nuggets,1.0,25.0
Sat Dec 28 2024,Philadelphia 76ers,Utah Jazz,0.0,-92.0
Sat Dec 28 2024,Dallas Mavericks,Portland Trail Blazers,1.0,-149.0
Sat Dec 28 2024,Sacramento Kings,Los Angeles Lakers,1.0,80.0
Sun Dec 29 2024,Brooklyn Nets,Orlando Magic,1.0,85.0
Sun Dec 29 2024,Indiana Pacers,Boston Celtics,0.0,109.0
Sun Dec 29 2024,Atlanta Hawks,Toronto Raptors,0.0,-164.0
Sun Dec 29 2024,Miami Heat,Houston Rockets,0.0,60.0
Sun Dec 29 2024,Memphis Grizzlies,Oklahoma City Thunder,1.0,56.0
Sun Dec 29 2024,San Antonio Spurs,Minnesota Timberwolves,1.0,25.0
Mon Dec 30 2024,Chicago Bulls,Charlotte Hornets,0.0,-139.0
Mon Dec 30 2024,New York Knicks,Washington Wizards,0.0,-227.0
Mon Dec 30 2024,Los Angeles Clippers,New Orleans Pelicans,0.0,-220.0
Mon Dec 30 2024,Denver Nuggets,Utah Jazz,0.0,-142.0
Mon Dec 30 2024,Cleveland Cavaliers,Golden State Warriors,0.0,-163.0
Mon Dec 30 2024,Philadelphia 76ers,Portland Trail Blazers,0.0,-50.0
Mon Dec 30 2024,Dallas Mavericks,Sacramento Kings,1.0,-126.0
Tue Dec 31 2024,Toronto Raptors,Boston Celtics,1.0,211.0
Tue Dec 31 2024,Milwaukee Bucks,Indiana Pacers,0.0,-37.0
Tue Dec 31 2024,Los Angeles Clippers,San Antonio Spurs,1.0,-62.0
Tue Dec 31 2024,Minnesota Timberwolves,Oklahoma City Thunder,1.0,117.0
Tue Dec 31 2024,Cleveland Cavaliers,Los Angeles Lakers,0.0,-133.0
Tue Dec 31 2024,Memphis Grizzlies,Phoenix Suns,0.0,-116.0
Wed Jan 1 2025,Orlando Magic,Detroit Pistons,1.0,-61.0
Wed Jan 1 2025,Chicago Bulls,Washington Wizards,1.0,-128.0
Wed Jan 1 2025,New Orleans Pelicans,Miami Heat,1.0,202.0
Wed Jan 1 2025,Utah Jazz,New York Knicks,1.0,224.0
Wed Jan 1 2025,Brooklyn Nets,Toronto Raptors,1.0,-76.0
Wed Jan 1 2025,Dallas Mavericks,Houston Rockets,1.0,16.0
Wed Jan 1 2025,Atlanta Hawks,Denver Nuggets,1.0,-11.0
Wed Jan 1 2025,Philadelphia 76ers,Sacramento Kings,1.0,-55.0
Thu Jan 2 2025,Indiana Pacers,Miami Heat,0.0,44.0
Thu Jan 2 2025,Boston Celtics,Minnesota Timberwolves,0.0,-50.0
Thu Jan 2 2025,Brooklyn Nets,Milwaukee Bucks,0.0,126.0
Thu Jan 2 2025,Los Angeles Clippers,Oklahoma City Thunder,1.0,124.0
Thu Jan 2 2025,Philadelphia 76ers,Golden State Warriors,1.0,-3.0
Thu Jan 2 2025,Portland Trail Blazers,Los Angeles Lakers,1.0,89.0
Fri Jan 3 2025,Charlotte Hornets,Detroit Pistons,1.0,154.0
Fri Jan 3 2025,Orlando Magic,Toronto Raptors,0.0,-150.0
Fri Jan 3 2025,Boston Celtics,Houston Rockets,0.0,-22.0
Fri Jan 3 2025,Washington Wizards,New Orleans Pelicans,1.0,-61.0
Fri Jan 3 2025,New York Knicks,Oklahoma City Thunder,1.0,67.0
Fri Jan 3 2025,Cleveland Cavaliers,Dallas Mavericks,0.0,-140.0
Fri Jan 3 2025,San Antonio Spurs,Denver Nuggets,0.0,38.0
Fri Jan 3 2025,Memphis Grizzlies,Sacramento Kings,1.0,-126.0
Fri Jan 3 2025,Atlanta Hawks,Los Angeles Lakers,1.0,0.0
Sat Jan 4 2025,Philadelphia 76ers,Brooklyn Nets,0.0,-40.0
Sat Jan 4 2025,Minnesota Timberwolves,Detroit Pistons,1.0,-22.0
Sat Jan 4 2025,Phoenix Suns,Indiana Pacers,1.0,46.0
Sat Jan 4 2025,New York Knicks,Chicago Bulls,1.0,-120.0
Sat Jan 4 2025,Utah Jazz,Miami Heat,0.0,147.0
Sat Jan 4 2025,Portland Trail Blazers,Milwaukee Bucks,0.0,107.0
Sat Jan 4 2025,Denver Nuggets,San Antonio Spurs,0.0,-12.0
Sat Jan 4 2025,Memphis Grizzlies,Golden State Warriors,1.0,-74.0
Sat Jan 4 2025,Atlanta Hawks,Los Angeles Clippers,1.0,13.0
Sun Jan 5 2025,Boston Celtics,Oklahoma City Thunder,1.0,80.0
Sun Jan 5 2025,Charlotte Hornets,Cleveland Cavaliers,1.0,347.0
Sun Jan 5 2025,New Orleans Pelicans,Washington Wizards,0.0,33.0
Sun Jan 5 2025,Utah Jazz,Orlando Magic,0.0,144.0
Sun Jan 5 2025,Los Angeles Lakers,Houston Rockets,1.0,15.0
Sun Jan 5 2025,Sacramento Kings,Golden State Warriors,0.0,35.0
Mon Jan 6 2025,Portland Trail Blazers,Detroit Pistons,1.0,72.0
Mon Jan 6 2025,Phoenix Suns,Philadelphia 76ers,0.0,42.0
Mon Jan 6 2025,Indiana Pacers,Brooklyn Nets,0.0,-86.0
Mon Jan 6 2025,Orlando Magic,New York Knicks,0.0,64.0
Mon Jan 6 2025,Milwaukee Bucks,Toronto Raptors,0.0,-147.0
Mon Jan 6 2025,San Antonio Spurs,Chicago Bulls,1.0,-16.0
Mon Jan 6 2025,Dallas Mavericks,Memphis Grizzlies,1.0,33.0
Mon Jan 6 2025,Los Angeles Clippers,Minnesota Timberwolves,1.0,-36.0
Mon Jan 6 2025,Miami Heat,Sacramento Kings,1.0,-10.0
Tue Jan 7 2025,Phoenix Suns,Charlotte Hornets,1.0,-131.0
Tue Jan 7 2025,Houston Rockets,Washington Wizards,0.0,-217.0
Tue Jan 7 2025,Los Angeles Lakers,Dallas Mavericks,1.0,-19.0
Tue Jan 7 2025,Minnesota Timberwolves,New Orleans Pelicans,0.0,-176.0
Tue Jan 7 2025,Atlanta Hawks,Utah Jazz,0.0,-102.0
Tue Jan 7 2025,Boston Celtics,Denver Nuggets,0.0,-50.0
Tue Jan 7 2025,Miami Heat,Golden State Warriors,0.0,11.0
Wed Jan 8 2025,Oklahoma City Thunder,Cleveland Cavaliers,1.0,-10.0
Wed Jan 8 2025,Chicago Bulls,Indiana Pacers,1.0,17.0
Wed Jan 8 2025,Washington Wizards,Philadelphia 76ers,1.0,128.0
Wed Jan 8 2025,Detroit Pistons,Brooklyn Nets,0.0,-105.0
Wed Jan 8 2025,Toronto Raptors,New York Knicks,1.0,204.0
Wed Jan 8 2025,Portland Trail Blazers,New Orleans Pelicans,0.0,-91.0
Wed Jan 8 2025,Los Angeles Clippers,Denver Nuggets,1.0,2.0
Wed Jan 8 2025,San Antonio Spurs,Milwaukee Bucks,1.0,28.0
Thu Jan 9 2025,Toronto Raptors,Cleveland Cavaliers,1.0,338.0
Thu Jan 9 2025,Golden State Warriors,Detroit Pistons,0.0,42.0
Thu Jan 9 2025,Minnesota Timberwolves,Orlando Magic,0.0,2.0
Thu Jan 9 2025,Portland Trail Blazers,Dallas Mavericks,1.0,87.0
Thu Jan 9 2025,Houston Rockets,Memphis Grizzlies,0.0,-6.0
Thu Jan 9 2025,Atlanta Hawks,Phoenix Suns,1.0,-73.0
Thu Jan 9 2025,Miami Heat,Utah Jazz,0.0,-105.0
Fri Jan 10 2025,Golden State Warriors,Indiana Pacers,1.0,31.0
Fri Jan 10 2025,Milwaukee Bucks,Orlando Magic,0.0,-16.0
Fri Jan 10 2025,New Orleans Pelicans,Philadelphia 76ers,0.0,153.0
Fri Jan 10 2025,Sacramento Kings,Boston Celtics,0.0,100.0
Fri Jan 10 2025,Oklahoma City Thunder,New York Knicks,0.0,-108.0
Fri Jan 10 2025,Washington Wizards,Chicago Bulls,1.0,154.0
Fri Jan 10 2025,Brooklyn Nets,Denver Nuggets,1.0,136.0
Sat Jan 11 2025,Utah Jazz,Phoenix Suns,1.0,69.0
Sat Jan 11 2025,Toronto Raptors,Detroit Pistons,1.0,165.0
Sat Jan 11 2025,Memphis Grizzlies,Minnesota Timberwolves,0.0,-17.0
Sat Jan 11 2025,Miami Heat,Portland Trail Blazers,0.0,-79.0
Sun Jan 12 2025,Denver Nuggets,Dallas Mavericks,0.0,-18.0
Sun Jan 12 2025,Milwaukee Bucks,New York Knicks,1.0,19.0
Sun Jan 12 2025,Sacramento Kings,Chicago Bulls,0.0,-18.0
Sun Jan 12 2025,New Orleans Pelicans,Boston Celtics,1.0,241.0
Sun Jan 12 2025,Indiana Pacers,Cleveland Cavaliers,0.0,153.0
Sun Jan 12 2025,Philadelphia 76ers,Orlando Magic,1.0,40.0
Sun Jan 12 2025,Oklahoma City Thunder,Washington Wizards,0.0,-355.0
Sun Jan 12 2025,Brooklyn Nets,Utah Jazz,1.0,-23.0
Sun Jan 12 2025,Charlotte Hornets,Phoenix Suns,1.0,123.0
Mon Jan 13 2025,Minnesota Timberwolves,Washington Wizards,0.0,-199.0
Mon Jan 13 2025,Detroit Pistons,New York Knicks,0.0,50.0
Mon Jan 13 2025,Golden State Warriors,Toronto Raptors,1.0,-145.0
Mon Jan 13 2025,Memphis Grizzlies,Houston Rockets,1.0,19.0
Mon Jan 13 2025,Miami Heat,Los Angeles Clippers,1.0,1.0
Mon Jan 13 2025,San Antonio Spurs,Los Angeles Lakers,0.0,36.0
Tue Jan 14 2025,Cleveland Cavaliers,Indiana Pacers,0.0,-119.0
Tue Jan 14 2025,Oklahoma City Thunder,Philadelphia 76ers,0.0,-235.0
Tue Jan 14 2025,Phoenix Suns,Atlanta Hawks,1.0,27.0
Tue Jan 14 2025,New Orleans Pelicans,Chicago Bulls,0.0,147.0
Tue Jan 14 2025,Sacramento Kings,Milwaukee Bucks,1.0,4.0
Tue Jan 14 2025,Denver Nuggets,Dallas Mavericks,0.0,-40.0
Tue Jan 14 2025,Brooklyn Nets,Portland Trail Blazers,0.0,33.0
Wed Jan 15 2025,New York Knicks,Philadelphia 76ers,0.0,-110.0
Wed Jan 15 2025,Boston Celtics,Toronto Raptors,1.0,-231.0
Wed Jan 15 2025,Atlanta Hawks,Chicago Bulls,0.0,-41.0
Wed Jan 15 2025,Orlando Magic,Milwaukee Bucks,1.0,28.0
Wed Jan 15 2025,Dallas Mavericks,New Orleans Pelicans,1.0,-154.0
Wed Jan 15 2025,Memphis Grizzlies,San Antonio Spurs,0.0,-60.0
Wed Jan 15 2025,Houston Rockets,Denver Nuggets,0.0,-22.0
Wed Jan 15 2025,Charlotte Hornets,Utah Jazz,0.0,55.0
Wed Jan 15 2025,Golden State Warriors,Minnesota Timberwolves,0.0,61.0
Wed Jan 15 2025,Miami Heat,Los Angeles Lakers,1.0,0.0
Wed Jan 15 2025,Brooklyn Nets,Los Angeles Clippers,1.0,130.0
Thu Jan 16 2025,Indiana Pacers,Detroit Pistons,0.0,-14.0
Thu Jan 16 2025,Phoenix Suns,Washington Wizards,0.0,-141.0
Thu Jan 16 2025,Cleveland Cavaliers,Oklahoma City Thunder,1.0,8.0
Thu Jan 16 2025,Los Angeles Clippers,Portland Trail Blazers,0.0,-131.0
Thu Jan 16 2025,Houston Rockets,Sacramento Kings,1.0,-91.0
Fri Jan 17 2025,Orlando Magic,Boston Celtics,1.0,68.0
Fri Jan 17 2025,Minnesota Timberwolves,New York Knicks,0.0,48.0
Fri Jan 17 2025,Charlotte Hornets,Chicago Bulls,0.0,111.0
Fri Jan 17 2025,Denver Nuggets,Miami Heat,0.0,-70.0
Fri Jan 17 2025,Toronto Raptors,Milwaukee Bucks,1.0,175.0
Fri Jan 17 2025,Utah Jazz,New Orleans Pelicans,1.0,-1.0
Fri Jan 17 2025,Oklahoma City Thunder,Dallas Mavericks,1.0,-211.0
Fri Jan 17 2025,Memphis Grizzlies,San Antonio Spurs,0.0,-80.0
Fri Jan 17 2025,Brooklyn Nets,Los Angeles Lakers,1.0,125.0
Sat Jan 18 2025,Phoenix Suns,Detroit Pistons,0.0,55.0
Sat Jan 18 2025,Atlanta Hawks,Boston Celtics,0.0,60.0
Sat Jan 18 2025,Philadelphia 76ers,Indiana Pacers,1.0,122.0
Sat Jan 18 2025,Washington Wizards,Golden State Warriors,1.0,171.0
Sat Jan 18 2025,Cleveland Cavaliers,Minnesota Timberwolves,0.0,-141.0
Sat Jan 18 2025,Houston Rockets,Portland Trail Blazers,0.0,-193.0
Sun Jan 19 2025,San Antonio Spurs,Miami Heat,1.0,7.0
Sun Jan 19 2025,Denver Nuggets,Orlando Magic,0.0,-78.0
Sun Jan 19 2025,Philadelphia 76ers,Milwaukee Bucks,1.0,128.0
Sun Jan 19 2025,Brooklyn Nets,Oklahoma City Thunder,1.0,303.0
Sun Jan 19 2025,Los Angeles Lakers,Los Angeles Clippers,1.0,21.0
Sun Jan 19 2025,Chicago Bulls,Portland Trail Blazers,1.0,-51.0
Sun Jan 19 2025,Washington Wizards,Sacramento Kings,1.0,223.0
Mon Jan 20 2025,Dallas Mavericks,Charlotte Hornets,1.0,-149.0
Mon Jan 20 2025,Detroit Pistons,Houston Rockets,0.0,87.0
Mon Jan 20 2025,Minnesota Timberwolves,Memphis Grizzlies,1.0,48.0
Mon Jan 20 2025,Atlanta Hawks,New York Knicks,1.0,16.0
Mon Jan 20 2025,Phoenix Suns,Cleveland Cavaliers,1.0,197.0
Mon Jan 20 2025,Boston Celtics,Golden State Warriors,0.0,-76.0
Mon Jan 20 2025,Utah Jazz,New Orleans Pelicans,1.0,23.0
Mon Jan 20 2025,Chicago Bulls,Los Angeles Clippers,0.0,127.0
Tue Jan 21 2025,New York Knicks,Brooklyn Nets,0.0,-184.0
Tue Jan 21 2025,Portland Trail Blazers,Miami Heat,0.0,88.0
Tue Jan 21 2025,Orlando Magic,Toronto Raptors,1.0,-112.0
Tue Jan 21 2025,Philadelphia 76ers,Denver Nuggets,1.0,157.0
Tue Jan 21 2025,Washington Wizards,Los Angeles Lakers,1.0,211.0
Wed Jan 22 2025,Detroit Pistons,Atlanta Hawks,0.0,0.0
Wed Jan 22 2025,Phoenix Suns,Brooklyn Nets,0.0,-104.0
Wed Jan 22 2025,Minnesota Timberwolves,Dallas Mavericks,0.0,-19.0
Wed Jan 22 2025,Cleveland Cavaliers,Houston Rockets,1.0,-104.0
Wed Jan 22 2025,Charlotte Hornets,Memphis Grizzlies,1.0,202.0
Wed Jan 22 2025,Utah Jazz,Oklahoma City Thunder,1.0,338.0
Wed Jan 22 2025,Golden State Warriors,Sacramento Kings,1.0,52.0
Wed Jan 22 2025,Boston Celtics,Los Angeles Clippers,0.0,-37.0
Thu Jan 23 2025,San Antonio Spurs,Indiana Pacers,0.0,107.0
Thu Jan 23 2025,Portland Trail Blazers,Orlando Magic,0.0,48.0
Thu Jan 23 2025,Toronto Raptors,Atlanta Hawks,0.0,124.0
Thu Jan 23 2025,Dallas Mavericks,Oklahoma City Thunder,0.0,208.0
Thu Jan 23 2025,Miami Heat,Milwaukee Bucks,1.0,89.0
Thu Jan 23 2025,Sacramento Kings,Denver Nuggets,1.0,43.0
Thu Jan 23 2025,Chicago Bulls,Golden State Warriors,1.0,28.0
Thu Jan 23 2025,Boston Celtics,Los Angeles Lakers,1.0,-70.0
Thu Jan 23 2025,Washington Wizards,Los Angeles Clippers,1.0,232.0
Fri Jan 24 2025,Portland Trail Blazers,Charlotte Hornets,0.0,-60.0
Fri Jan 24 2025,Cleveland Cavaliers,Philadelphia 76ers,1.0,-254.0
Fri Jan 24 2025,New Orleans Pelicans,Memphis Grizzlies,1.0,192.0
Sat Jan 25 2025,Indiana Pacers,San Antonio Spurs,0.0,-75.0
Sat Jan 25 2025,Denver Nuggets,Minnesota Timberwolves,1.0,-73.0
Sat Jan 25 2025,Boston Celtics,Dallas Mavericks,0.0,-71.0
Sat Jan 25 2025,Miami Heat,Brooklyn Nets,0.0,-106.0
Sat Jan 25 2025,New Orleans Pelicans,Charlotte Hornets,1.0,-26.0
Sat Jan 25 2025,Detroit Pistons,Orlando Magic,1.0,-82.0
Sat Jan 25 2025,Toronto Raptors,Atlanta Hawks,0.0,92.0
Sat Jan 25 2025,Houston Rockets,Cleveland Cavaliers,0.0,55.0
Sat Jan 25 2025,Sacramento Kings,New York Knicks,1.0,35.0
Sat Jan 25 2025,Philadelphia 76ers,Chicago Bulls,0.0,-2.0
Sat Jan 25 2025,Utah Jazz,Memphis Grizzlies,1.0,246.0
Sat Jan 25 2025,Los Angeles Lakers,Golden State Warriors,0.0,-48.0
Sat Jan 25 2025,Washington Wizards,Phoenix Suns,1.0,194.0
Sat Jan 25 2025,Milwaukee Bucks,Los Angeles Clippers,1.0,-43.0
Sun Jan 26 2025,Oklahoma City Thunder,Portland Trail Blazers,0.0,-230.0
Mon Jan 27 2025,Los Angeles Lakers,Charlotte Hornets,0.0,-164.0
Mon Jan 27 2025,Detroit Pistons,Cleveland Cavaliers,1.0,116.0
Mon Jan 27 2025,Houston Rockets,Boston Celtics,0.0,-27.0
Mon Jan 27 2025,Sacramento Kings,Brooklyn Nets,0.0,-167.0
Mon Jan 27 2025,Orlando Magic,Miami Heat,1.0,8.0
Mon Jan 27 2025,Memphis Grizzlies,New York Knicks,1.0,-20.0
Mon Jan 27 2025,New Orleans Pelicans,Toronto Raptors,1.0,42.0
Mon Jan 27 2025,Denver Nuggets,Chicago Bulls,1.0,-163.0
Mon Jan 27 2025,Atlanta Hawks,Minnesota Timberwolves,1.0,58.0
Mon Jan 27 2025,Washington Wizards,Dallas Mavericks,1.0,207.0
Mon Jan 27 2025,Milwaukee Bucks,Utah Jazz,0.0,-220.0
Mon Jan 27 2025,Los Angeles Clippers,Phoenix Suns,1.0,-55.0
Tue Jan 28 2025,Houston Rockets,Atlanta Hawks,0.0,-150.0
Tue Jan 28 2025,Los Angeles Lakers,Philadelphia 76ers,1.0,-101.0
Tue Jan 28 2025,Utah Jazz,Golden State Warriors,1.0,135.0
Tue Jan 28 2025,Milwaukee Bucks,Portland Trail Blazers,1.0,-129.0
Wed Jan 29 2025,Brooklyn Nets,Charlotte Hornets,0.0,22.0
Wed Jan 29 2025,Detroit Pistons,Indiana Pacers,1.0,49.0
Wed Jan 29 2025,Toronto Raptors,Washington Wizards,0.0,-151.0
Wed Jan 29 2025,Chicago Bulls,Boston Celtics,1.0,134.0
Wed Jan 29 2025,Cleveland Cavaliers,Miami Heat,0.0,-156.0
Wed Jan 29 2025,Denver Nuggets,New York Knicks,1.0,25.0
Wed Jan 29 2025,Sacramento Kings,Philadelphia 76ers,1.0,-67.0
Wed Jan 29 2025,Dallas Mavericks,New Orleans Pelicans,0.0,-132.0
Wed Jan 29 2025,Los Angeles Clippers,San Antonio Spurs,0.0,-63.0
Wed Jan 29 2025,Minnesota Timberwolves,Phoenix Suns,0.0,-44.0
Wed Jan 29 2025,Oklahoma City Thunder,Golden State Warriors,1.0,-198.0
Thu Jan 30 2025,Atlanta Hawks,Cleveland Cavaliers,1.0,188.0
Thu Jan 30 2025,Los Angeles Lakers,Washington Wizards,0.0,-261.0
Thu Jan 30 2025,Minnesota Timberwolves,Utah Jazz,0.0,-229.0
Thu Jan 30 2025,Houston Rockets,Memphis Grizzlies,1.0,-42.0
Thu Jan 30 2025,Orlando Magic,Portland Trail Blazers,1.0,-2.0
Fri Jan 31 2025,Los Angeles Clippers,Charlotte Hornets,0.0,-185.0
Fri Jan 31 2025,Dallas Mavericks,Detroit Pistons,1.0,-3.0
Fri Jan 31 2025,Denver Nuggets,Philadelphia 76ers,0.0,-80.0
Fri Jan 31 2025,Chicago Bulls,Toronto Raptors,0.0,7.0
Fri Jan 31 2025,Boston Celtics,New Orleans Pelicans,0.0,-222.0
Fri Jan 31 2025,Milwaukee Bucks,San Antonio Spurs,1.0,-93.0
Fri Jan 31 2025,Phoenix Suns,Golden State Warriors,0.0,4.0
Sat Feb 1 2025,Atlanta Hawks,Indiana Pacers,1.0,114.0
Sat Feb 1 2025,Orlando Magic,Utah Jazz,1.0,-120.0
Sat Feb 1 2025,Denver Nuggets,Charlotte Hornets,0.0,-214.0
Sat Feb 1 2025,Brooklyn Nets,Houston Rockets,0.0,254.0
Sat Feb 1 2025,Washington Wizards,Minnesota Timberwolves,0.0,296.0
Sat Feb 1 2025,Sacramento Kings,Oklahoma City Thunder,1.0,146.0
Sat Feb 1 2025,Los Angeles Lakers,New York Knicks,0.0,66.0
Sat Feb 1 2025,Miami Heat,San Antonio Spurs,0.0,-8.0
Sat Feb 1 2025,Phoenix Suns,Portland Trail Blazers,1.0,-40.0
Sun Feb 2 2025,Chicago Bulls,Detroit Pistons,1.0,73.0
Sun Feb 2 2025,Dallas Mavericks,Cleveland Cavaliers,1.0,164.0
Sun Feb 2 2025,Los Angeles Clippers,Toronto Raptors,1.0,-123.0
Sun Feb 2 2025,Boston Celtics,Philadelphia 76ers,0.0,-118.0
Sun Feb 2 2025,Memphis Grizzlies,Milwaukee Bucks,0.0,-62.0
Mon Feb 3 2025,Washington Wizards,Charlotte Hornets,0.0,58.0
Mon Feb 3 2025,Atlanta Hawks,Detroit Pistons,0.0,75.0
Mon Feb 3 2025,Houston Rockets,New York Knicks,1.0,-7.0
Mon Feb 3 2025,San Antonio Spurs,Memphis Grizzlies,1.0,147.0
Mon Feb 3 2025,Sacramento Kings,Minnesota Timberwolves,0.0,36.0
Mon Feb 3 2025,Milwaukee Bucks,Oklahoma City Thunder,1.0,141.0
Mon Feb 3 2025,New Orleans Pelicans,Denver Nuggets,1.0,217.0
Mon Feb 3 2025,Indiana Pacers,Utah Jazz,0.0,-239.0
Mon Feb 3 2025,Orlando Magic,Golden State Warriors,1.0,58.0
Mon Feb 3 2025,Phoenix Suns,Portland Trail Blazers,1.0,-14.0
Tue Feb 4 2025,Dallas Mavericks,Philadelphia 76ers,1.0,-28.0
Tue Feb 4 2025,Houston Rockets,Brooklyn Nets,1.0,-204.0
Tue Feb 4 2025,Boston Celtics,Cleveland Cavaliers,0.0,72.0
Tue Feb 4 2025,New York Knicks,Toronto Raptors,0.0,-160.0
Tue Feb 4 2025,Miami Heat,Chicago Bulls,1.0,-62.0
Tue Feb 4 2025,Los Angeles Lakers,Los Angeles Clippers,0.0,-19.0
Tue Feb 4 2025,Indiana Pacers,Portland Trail Blazers,1.0,-93.0
Wed Feb 5 2025,San Antonio Spurs,Atlanta Hawks,0.0,10.0
Wed Feb 5 2025,Milwaukee Bucks,Charlotte Hornets,0.0,-188.0
Wed Feb 5 2025,Cleveland Cavaliers,Detroit Pistons,0.0,-141.0
Wed Feb 5 2025,Washington Wizards,Brooklyn Nets,0.0,96.0
Wed Feb 5 2025,Miami Heat,Philadelphia 76ers,0.0,-8.0
Wed Feb 5 2025,Memphis Grizzlies,Toronto Raptors,0.0,-182.0
Wed Feb 5 2025,Chicago Bulls,Minnesota Timberwolves,1.0,85.0
Wed Feb 5 2025,New Orleans Pelicans,Denver Nuggets,1.0,227.0
Wed Feb 5 2025,Golden State Warriors,Utah Jazz,1.0,-161.0
Wed Feb 5 2025,Phoenix Suns,Oklahoma City Thunder,1.0,193.0
Wed Feb 5 2025,Orlando Magic,Sacramento Kings,0.0,102.0
Thu Feb 6 2025,Dallas Mavericks,Boston Celtics,0.0,133.0
Thu Feb 6 2025,Houston Rockets,Minnesota Timberwolves,1.0,-26.0
Thu Feb 6 2025,Orlando Magic,Denver Nuggets,1.0,146.0
Thu Feb 6 2025,Golden State Warriors,Los Angeles Lakers,1.0,82.0
Thu Feb 6 2025,Sacramento Kings,Portland Trail Blazers,1.0,1.0
Thu Feb 6 2025,Indiana Pacers,Los Angeles Clippers,0.0,-49.0
Fri Feb 7 2025,San Antonio Spurs,Charlotte Hornets,1.0,-141.0
Fri Feb 7 2025,Cleveland Cavaliers,Washington Wizards,0.0,-341.0
Fri Feb 7 2025,Milwaukee Bucks,Atlanta Hawks,1.0,-73.0
Fri Feb 7 2025,Miami Heat,Brooklyn Nets,1.0,-109.0
Fri Feb 7 2025,Philadelphia 76ers,Detroit Pistons,1.0,43.0
Fri Feb 7 2025,Toronto Raptors,Oklahoma City Thunder,1.0,253.0
Fri Feb 7 2025,Utah Jazz,Phoenix Suns,1.0,123.0
Sat Feb 8 2025,Houston Rockets,Dallas Mavericks,1.0,-63.0
Sat Feb 8 2025,Indiana Pacers,Los Angeles Lakers,1.0,-9.0
Sat Feb 8 2025,San Antonio Spurs,Orlando Magic,1.0,-23.0
Sat Feb 8 2025,Atlanta Hawks,Washington Wizards,0.0,-153.0
Sat Feb 8 2025,Golden State Warriors,Chicago Bulls,0.0,-34.0
Sat Feb 8 2025,Oklahoma City Thunder,Memphis Grizzlies,0.0,-64.0
Sat Feb 8 2025,Portland Trail Blazers,Minnesota Timberwolves,1.0,34.0
Sat Feb 8 2025,Boston Celtics,New York Knicks,0.0,17.0
Sat Feb 8 2025,Denver Nuggets,Phoenix Suns,0.0,-103.0
Sat Feb 8 2025,New Orleans Pelicans,Sacramento Kings,1.0,151.0
Sat Feb 8 2025,Utah Jazz,Los Angeles Clippers,1.0,166.0
Sun Feb 9 2025,Charlotte Hornets,Detroit Pistons,1.0,171.0
Sun Feb 9 2025,Toronto Raptors,Houston Rockets,1.0,116.0
Sun Feb 9 2025,Philadelphia 76ers,Milwaukee Bucks,1.0,63.0
Mon Feb 10 2025,Minnesota Timberwolves,Cleveland Cavaliers,1.0,97.0
Mon Feb 10 2025,Atlanta Hawks,Orlando Magic,0.0,-34.0
Mon Feb 10 2025,San Antonio Spurs,Washington Wizards,0.0,-130.0
Mon Feb 10 2025,Charlotte Hornets,Brooklyn Nets,1.0,63.0
Mon Feb 10 2025,Boston Celtics,Miami Heat,0.0,-128.0
Mon Feb 10 2025,Golden State Warriors,Milwaukee Bucks,0.0,40.0
Mon Feb 10 2025,New Orleans Pelicans,Oklahoma City Thunder,1.0,360.0
Mon Feb 10 2025,Sacramento Kings,Dallas Mavericks,0.0,3.0
Mon Feb 10 2025,Portland Trail Blazers,Denver Nuggets,1.0,88.0
Mon Feb 10 2025,Utah Jazz,Los Angeles Lakers,1.0,245.0
Tue Feb 11 2025,Toronto Raptors,Philadelphia 76ers,0.0,24.0
Tue Feb 11 2025,New York Knicks,Indiana Pacers,0.0,-27.0
Tue Feb 11 2025,Detroit Pistons,Chicago Bulls,0.0,-95.0
Tue Feb 11 2025,Memphis Grizzlies,Phoenix Suns,0.0,-137.0
Wed Feb 12 2025,San Antonio Spurs,Boston Celtics,1.0,167.0
Wed Feb 12 2025,Charlotte Hornets,Orlando Magic,1.0,103.0
Wed Feb 12 2025,Indiana Pacers,Washington Wizards,0.0,-258.0
Wed Feb 12 2025,Philadelphia 76ers,Brooklyn Nets,1.0,-17.0
Wed Feb 12 2025,Atlanta Hawks,New York Knicks,1.0,121.0
Wed Feb 12 2025,Cleveland Cavaliers,Toronto Raptors,0.0,-242.0
Wed Feb 12 2025,Detroit Pistons,Chicago Bulls,0.0,-113.0
Wed Feb 12 2025,Milwaukee Bucks,Minnesota Timberwolves,0.0,46.0
Wed Feb 12 2025,Sacramento Kings,New Orleans Pelicans,0.0,-180.0
Wed Feb 12 2025,Miami Heat,Oklahoma City Thunder,1.0,231.0
Wed Feb 12 2025,Phoenix Suns,Houston Rockets,1.0,79.0
Wed Feb 12 2025,Portland Trail Blazers,Denver Nuggets,1.0,106.0
Wed Feb 12 2025,Los Angeles Lakers,Utah Jazz,1.0,-255.0
Wed Feb 12 2025,Golden State Warriors,Dallas Mavericks,1.0,-3.0
Wed Feb 12 2025,Memphis Grizzlies,Los Angeles Clippers,1.0,-101.0
Thu Feb 13 2025,Golden State Warriors,Houston Rockets,0.0,73.0
Thu Feb 13 2025,Sacramento Kings,New Orleans Pelicans,1.0,-192.0
Thu Feb 13 2025,Miami Heat,Dallas Mavericks,1.0,41.0
Thu Feb 13 2025,Oklahoma City Thunder,Minnesota Timberwolves,1.0,-163.0
Thu Feb 13 2025,Los Angeles Clippers,Utah Jazz,0.0,-180.0
Wed Feb 19 2025,Charlotte Hornets,Los Angeles Lakers,0.0,251.0
Thu Feb 20 2025,Memphis Grizzlies,Indiana Pacers,1.0,-43.0
Thu Feb 20 2025,Boston Celtics,Philadelphia 76ers,0.0,-206.0
Thu Feb 20 2025,Orlando Magic,Atlanta Hawks,0.0,39.0
Thu Feb 20 2025,Cleveland Cavaliers,Brooklyn Nets,0.0,-253.0
Thu Feb 20 2025,Chicago Bulls,New York Knicks,1.0,205.0
Thu Feb 20 2025,Los Angeles Clippers,Milwaukee Bucks,1.0,-16.0
Thu Feb 20 2025,Charlotte Hornets,Denver Nuggets,1.0,277.0
Thu Feb 20 2025,Phoenix Suns,San Antonio Spurs,1.0,-21.0
Thu Feb 20 2025,Los Angeles Lakers,Portland Trail Blazers,0.0,-58.0
Fri Feb 21 2025,New York Knicks,Cleveland Cavaliers,1.0,60.0
Fri Feb 21 2025,Memphis Grizzlies,Orlando Magic,0.0,-140.0
Fri Feb 21 2025,Milwaukee Bucks,Washington Wizards,0.0,-241.0
Fri Feb 21 2025,Miami Heat,Toronto Raptors,0.0,-29.0
Fri Feb 21 2025,New Orleans Pelicans,Dallas Mavericks,1.0,170.0
Fri Feb 21 2025,Detroit Pistons,San Antonio Spurs,0.0,-87.0
Fri Feb 21 2025,Minnesota Timberwolves,Houston Rockets,1.0,-16.0
Fri Feb 21 2025,Oklahoma City Thunder,Utah Jazz,0.0,-340.0
Fri Feb 21 2025,Golden State Warriors,Sacramento Kings,0.0,4.0
Sat Feb 22 2025,Phoenix Suns,Chicago Bulls,0.0,-43.0
Sat Feb 22 2025,Brooklyn Nets,Philadelphia 76ers,0.0,-10.0
Sat Feb 22 2025,Los Angeles Lakers,Denver Nuggets,0.0,58.0
Sat Feb 22 2025,Houston Rockets,Utah Jazz,1.0,-211.0
Sat Feb 22 2025,Charlotte Hornets,Portland Trail Blazers,1.0,149.0
Sun Feb 23 2025,New York Knicks,Boston Celtics,1.0,15.0
Sun Feb 23 2025,Dallas Mavericks,Golden State Warriors,1.0,-13.0
Sun Feb 23 2025,Los Angeles Clippers,Indiana Pacers,1.0,48.0
Sun Feb 23 2025,Detroit Pistons,Atlanta Hawks,0.0,-83.0
Sun Feb 23 2025,Miami Heat,Milwaukee Bucks,1.0,78.0
Sun Feb 23 2025,Washington Wizards,Orlando Magic,1.0,154.0
Sun Feb 23 2025,Phoenix Suns,Toronto Raptors,1.0,-45.0
Sun Feb 23 2025,Memphis Grizzlies,Cleveland Cavaliers,1.0,92.0
Sun Feb 23 2025,San Antonio Spurs,New Orleans Pelicans,1.0,-104.0
Sun Feb 23 2025,Oklahoma City Thunder,Minnesota Timberwolves,0.0,-145.0
Mon Feb 24 2025,Los Angeles Clippers,Detroit Pistons,1.0,40.0
Mon Feb 24 2025,Denver Nuggets,Indiana Pacers,0.0,-19.0
Mon Feb 24 2025,Chicago Bulls,Philadelphia 76ers,0.0,3.0
Mon Feb 24 2025,Brooklyn Nets,Washington Wizards,1.0,-146.0
Mon Feb 24 2025,Miami Heat,Atlanta Hawks,1.0,1.0
Mon Feb 24 2025,Minnesota Timberwolves,Oklahoma City Thunder,0.0,159.0
Mon Feb 24 2025,Portland Trail Blazers,Utah Jazz,0.0,-125.0
Mon Feb 24 2025,Charlotte Hornets,Sacramento Kings,1.0,164.0
Tue Feb 25 2025,Boston Celtics,Toronto Raptors,0.0,-210.0
Tue Feb 25 2025,Cleveland Cavaliers,Orlando Magic,0.0,-248.0
Tue Feb 25 2025,Milwaukee Bucks,Houston Rockets,1.0,-14.0
Tue Feb 25 2025,Phoenix Suns,Memphis Grizzlies,1.0,146.0
Tue Feb 25 2025,San Antonio Spurs,New Orleans Pelicans,1.0,-74.0
Tue Feb 25 2025,Charlotte Hornets,Golden State Warriors,1.0,203.0
Tue Feb 25 2025,Dallas Mavericks,Los Angeles Lakers,1.0,63.0
Wed Feb 26 2025,Boston Celtics,Detroit Pistons,1.0,-75.0
Wed Feb 26 2025,Toronto Raptors,Indiana Pacers,1.0,153.0
Wed Feb 26 2025,Philadelphia 76ers,New York Knicks,1.0,216.0
Wed Feb 26 2025,Portland Trail Blazers,Washington Wizards,0.0,-196.0
Wed Feb 26 2025,Oklahoma City Thunder,Brooklyn Nets,0.0,-268.0
Wed Feb 26 2025,Atlanta Hawks,Miami Heat,1.0,-25.0
Wed Feb 26 2025,Los Angeles Clippers,Chicago Bulls,0.0,-101.0
Wed Feb 26 2025,Sacramento Kings,Utah Jazz,0.0,-141.0
Wed Feb 26 2025,San Antonio Spurs,Houston Rockets,1.0,136.0
Thu Feb 27 2025,Golden State Warriors,Orlando Magic,0.0,-81.0
Thu Feb 27 2025,Denver Nuggets,Milwaukee Bucks,1.0,-76.0
Thu Feb 27 2025,Charlotte Hornets,Dallas Mavericks,1.0,188.0
Thu Feb 27 2025,New Orleans Pelicans,Phoenix Suns,0.0,68.0
Thu Feb 27 2025,Minnesota Timberwolves,Los Angeles Lakers,1.0,28.0
Fri Feb 28 2025,Denver Nuggets,Detroit Pistons,0.0,-17.0
Fri Feb 28 2025,Oklahoma City Thunder,Atlanta Hawks,0.0,-230.0
Fri Feb 28 2025,Cleveland Cavaliers,Boston Celtics,0.0,-77.0
Fri Feb 28 2025,Portland Trail Blazers,Brooklyn Nets,0.0,-94.0
Fri Feb 28 2025,Toronto Raptors,Chicago Bulls,1.0,-18.0
Fri Feb 28 2025,New York Knicks,Memphis Grizzlies,0.0,-8.0
Fri Feb 28 2025,Indiana Pacers,Miami Heat,1.0,-125.0
Fri Feb 28 2025,New Orleans Pelicans,Phoenix Suns,1.0,40.0
Fri Feb 28 2025,Minnesota Timberwolves,Utah Jazz,1.0,-196.0
Fri Feb 28 2025,Los Angeles Clippers,Los Angeles Lakers,1.0,80.0
Sat Mar 1 2025,Washington Wizards,Charlotte Hornets,0.0,12.0
Sat Mar 1 2025,Brooklyn Nets,Detroit Pistons,1.0,172.0
Sat Mar 1 2025,Sacramento Kings,Houston Rockets,0.0,53.0
Sat Mar 1 2025,San Antonio Spurs,Memphis Grizzlies,0.0,192.0
Sat Mar 1 2025,Milwaukee Bucks,Dallas Mavericks,0.0,-47.0
Sat Mar 1 2025,Golden State Warriors,Philadelphia 76ers,1.0,-158.0
Sun Mar 2 2025,Denver Nuggets,Boston Celtics,1.0,8.0
Sun Mar 2 2025,Portland Trail Blazers,Cleveland Cavaliers,1.0,202.0
Sun Mar 2 2025,Chicago Bulls,Indiana Pacers,1.0,185.0
Sun Mar 2 2025,New York Knicks,Miami Heat,0.0,-149.0
Sun Mar 2 2025,Toronto Raptors,Orlando Magic,0.0,24.0
Sun Mar 2 2025,Oklahoma City Thunder,San Antonio Spurs,0.0,-285.0
Sun Mar 2 2025,New Orleans Pelicans,Utah Jazz,0.0,-34.0
Sun Mar 2 2025,Los Angeles Clippers,Los Angeles Lakers,1.0,80.0
Sun Mar 2 2025,Minnesota Timberwolves,Phoenix Suns,0.0,-122.0
Mon Mar 3 2025,Golden State Warriors,Charlotte Hornets,0.0,-230.0
Mon Mar 3 2025,Portland Trail Blazers,Philadelphia 76ers,0.0,-133.0
Mon Mar 3 2025,Washington Wizards,Miami Heat,1.0,161.0
Mon Mar 3 2025,Atlanta Hawks,Memphis Grizzlies,0.0,147.0
Mon Mar 3 2025,Houston Rockets,Oklahoma City Thunder,1.0,133.0
Mon Mar 3 2025,Sacramento Kings,Dallas Mavericks,0.0,3.0
Mon Mar 3 2025,Detroit Pistons,Utah Jazz,0.0,-223.0
Tue Mar 4 2025,Houston Rockets,Indiana Pacers,1.0,24.0
Tue Mar 4 2025,Toronto Raptors,Orlando Magic,0.0,24.0
Tue Mar 4 2025,Milwaukee Bucks,Atlanta Hawks,0.0,-104.0
Tue Mar 4 2025,Golden State Warriors,New York Knicks,0.0,68.0
Tue Mar 4 2025,Cleveland Cavaliers,Chicago Bulls,0.0,-318.0
Tue Mar 4 2025,Philadelphia 76ers,Minnesota Timberwolves,1.0,166.0
Tue Mar 4 2025,Brooklyn Nets,San Antonio Spurs,1.0,5.0
Tue Mar 4 2025,Los Angeles Clippers,Phoenix Suns,1.0,-92.0
Tue Mar 4 2025,New Orleans Pelicans,Los Angeles Lakers,1.0,212.0
Wed Mar 5 2025,Portland Trail Blazers,Boston Celtics,1.0,107.0
Wed Mar 5 2025,Minnesota Timberwolves,Charlotte Hornets,0.0,-238.0
Wed Mar 5 2025,Miami Heat,Cleveland Cavaliers,1.0,258.0
Wed Mar 5 2025,Utah Jazz,Washington Wizards,1.0,-54.0
Wed Mar 5 2025,Dallas Mavericks,Milwaukee Bucks,1.0,47.0
Wed Mar 5 2025,Sacramento Kings,Denver Nuggets,1.0,107.0
Wed Mar 5 2025,Oklahoma City Thunder,Memphis Grizzlies,0.0,-93.0
Wed Mar 5 2025,Detroit Pistons,Los Angeles Clippers,1.0,-57.0
Thu Mar 6 2025,Chicago Bulls,Orlando Magic,0.0,42.0
Thu Mar 6 2025,Indiana Pacers,Atlanta Hawks,1.0,-131.0
Thu Mar 6 2025,Philadelphia 76ers,Boston Celtics,1.0,240.0
Thu Mar 6 2025,Golden State Warriors,Brooklyn Nets,0.0,-137.0
Thu Mar 6 2025,Houston Rockets,New Orleans Pelicans,0.0,-174.0
Thu Mar 6 2025,New York Knicks,Los Angeles Lakers,1.0,-10.0
Fri Mar 7 2025,Cleveland Cavaliers,Charlotte Hornets,0.0,-407.0
Fri Mar 7 2025,Memphis Grizzlies,Dallas Mavericks,0.0,-90.0
Fri Mar 7 2025,Utah Jazz,Toronto Raptors,1.0,65.0
Fri Mar 7 2025,Minnesota Timberwolves,Miami Heat,0.0,-89.0
Fri Mar 7 2025,Portland Trail Blazers,Oklahoma City Thunder,1.0,178.0
Fri Mar 7 2025,Phoenix Suns,Denver Nuggets,1.0,188.0
Fri Mar 7 2025,San Antonio Spurs,Sacramento Kings,1.0,99.0
Fri Mar 7 2025,New York Knicks,Los Angeles Clippers,1.0,-90.0
Sat Mar 8 2025,Brooklyn Nets,Charlotte Hornets,1.0,-93.0
Sat Mar 8 2025,New Orleans Pelicans,Houston Rockets,1.0,174.0
Sat Mar 8 2025,Indiana Pacers,Atlanta Hawks,1.0,-131.0
Sat Mar 8 2025,Washington Wizards,Toronto Raptors,0.0,119.0
Sat Mar 8 2025,Chicago Bulls,Miami Heat,0.0,60.0
Sat Mar 8 2025,Orlando Magic,Milwaukee Bucks,0.0,116.0
Sat Mar 8 2025,Los Angeles Lakers,Boston Celtics,1.0,24.0
Sat Mar 8 2025,Detroit Pistons,Golden State Warriors,1.0,-35.0
Sun Mar 9 2025,Denver Nuggets,Oklahoma City Thunder,1.0,79.0
Sun Mar 9 2025,Phoenix Suns,Dallas Mavericks,0.0,84.0
Sun Mar 9 2025,Memphis Grizzlies,New Orleans Pelicans,0.0,-214.0
Sun Mar 9 2025,Utah Jazz,Philadelphia 76ers,1.0,30.0
Sun Mar 9 2025,Cleveland Cavaliers,Milwaukee Bucks,0.0,-160.0
Sun Mar 9 2025,San Antonio Spurs,Minnesota Timberwolves,1.0,140.0
Sun Mar 9 2025,Detroit Pistons,Portland Trail Blazers,0.0,-60.0
Sun Mar 9 2025,Sacramento Kings,Los Angeles Clippers,1.0,11.0
Mon Mar 10 2025,Philadelphia 76ers,Atlanta Hawks,1.0,71.0
Mon Mar 10 2025,Utah Jazz,Boston Celtics,1.0,270.0
Mon Mar 10 2025,Los Angeles Lakers,Brooklyn Nets,1.0,-195.0
Mon Mar 10 2025,Charlotte Hornets,Miami Heat,0.0,149.0
Mon Mar 10 2025,Washington Wizards,Toronto Raptors,1.0,119.0
Mon Mar 10 2025,Indiana Pacers,Chicago Bulls,1.0,-185.0
Mon Mar 10 2025,Orlando Magic,Houston Rockets,1.0,119.0
Mon Mar 10 2025,Phoenix Suns,Memphis Grizzlies,1.0,174.0
Mon Mar 10 2025,Denver Nuggets,Oklahoma City Thunder,0.0,79.0
Mon Mar 10 2025,Dallas Mavericks,San Antonio Spurs,0.0,-102.0
Mon Mar 10 2025,Portland Trail Blazers,Golden State Warriors,1.0,25.0
Mon Mar 10 2025,New York Knicks,Sacramento Kings,0.0,-101.0
Tue Mar 11 2025,Brooklyn Nets,Cleveland Cavaliers,1.0,314.0
Tue Mar 11 2025,Washington Wizards,Detroit Pistons,1.0,277.0
Tue Mar 11 2025,Milwaukee Bucks,Indiana Pacers,1.0,27.0
Tue Mar 11 2025,Los Angeles Clippers,New Orleans Pelicans,1.0,-132.0
Wed Mar 12 2025,Charlotte Hornets,Atlanta Hawks,1.0,143.0
Wed Mar 12 2025,Oklahoma City Thunder,Boston Celtics,0.0,-71.0
Wed Mar 12 2025,Philadelphia 76ers,Toronto Raptors,1.0,35.0
Wed Mar 12 2025,Phoenix Suns,Houston Rockets,1.0,134.0
Wed Mar 12 2025,Utah Jazz,Memphis Grizzlies,1.0,248.0
Wed Mar 12 2025,Los Angeles Clippers,Miami Heat,0.0,-59.0
Wed Mar 12 2025,Dallas Mavericks,San Antonio Spurs,1.0,-102.0
Wed Mar 12 2025,Minnesota Timberwolves,Denver Nuggets,0.0,66.0
Wed Mar 12 2025,New York Knicks,Portland Trail Blazers,0.0,-93.0
Thu Mar 13 2025,Washington Wizards,Detroit Pistons,0.0,277.0
Thu Mar 13 2025,Los Angeles Lakers,Milwaukee Bucks,1.0,-41.0
Thu Mar 13 2025,Brooklyn Nets,Chicago Bulls,1.0,-4.0
Thu Mar 13 2025,Orlando Magic,New Orleans Pelicans,0.0,-55.0
Thu Mar 13 2025,Sacramento Kings,Golden State Warriors,1.0,33.0
Fri Mar 14 2025,Boston Celtics,Miami Heat,0.0,-163.0
Fri Mar 14 2025,Indiana Pacers,Philadelphia 76ers,0.0,-202.0
Fri Mar 14 2025,Los Angeles Clippers,Atlanta Hawks,0.0,-65.0
Fri Mar 14 2025,Dallas Mavericks,Houston Rockets,1.0,50.0
Fri Mar 14 2025,Cleveland Cavaliers,Memphis Grizzlies,0.0,-117.0
Fri Mar 14 2025,Orlando Magic,Minnesota Timberwolves,1.0,107.0
Fri Mar 14 2025,Charlotte Hornets,San Antonio Spurs,0.0,98.0
Fri Mar 14 2025,Los Angeles Lakers,Denver Nuggets,1.0,16.0
Fri Mar 14 2025,Toronto Raptors,Utah Jazz,0.0,-65.0
Fri Mar 14 2025,Sacramento Kings,Phoenix Suns,1.0,-81.0
Sat Mar 15 2025,Boston Celtics,Brooklyn Nets,0.0,-219.0
Sat Mar 15 2025,Oklahoma City Thunder,Detroit Pistons,0.0,-118.0
Sat Mar 15 2025,Chicago Bulls,Houston Rockets,1.0,161.0
Sat Mar 15 2025,Miami Heat,Memphis Grizzlies,1.0,141.0
Sat Mar 15 2025,Indiana Pacers,Milwaukee Bucks,1.0,-27.0
Sat Mar 15 2025,New York Knicks,Golden State Warriors,1.0,-68.0
Sat Mar 15 2025,New Orleans Pelicans,San Antonio Spurs,1.0,22.0
Sat Mar 15 2025,Washington Wizards,Denver Nuggets,0.0,316.0
Sun Mar 16 2025,Orlando Magic,Cleveland Cavaliers,0.0,276.0
Sun Mar 16 2025,Philadelphia 76ers,Dallas Mavericks,0.0,128.0
Sun Mar 16 2025,Phoenix Suns,Los Angeles Lakers,1.0,172.0
Sun Mar 16 2025,Atlanta Hawks,Brooklyn Nets,1.0,-50.0
Sun Mar 16 2025,Toronto Raptors,Portland Trail Blazers,1.0,98.0
Sun Mar 16 2025,Charlotte Hornets,Los Angeles Clippers,1.0,208.0
Sun Mar 16 2025,Utah Jazz,Minnesota Timberwolves,1.0,196.0
Sun Mar 16 2025,Oklahoma City Thunder,Milwaukee Bucks,0.0,-136.0
Mon Mar 17 2025,Miami Heat,New York Knicks,1.0,149.0
Mon Mar 17 2025,Philadelphia 76ers,Houston Rockets,1.0,178.0
Mon Mar 17 2025,Indiana Pacers,Minnesota Timberwolves,0.0,-36.0
Mon Mar 17 2025,Detroit Pistons,New Orleans Pelicans,0.0,-189.0
Mon Mar 17 2025,Chicago Bulls,Utah Jazz,0.0,-47.0
Mon Mar 17 2025,Denver Nuggets,Golden State Warriors,0.0,-74.0
Mon Mar 17 2025,Toronto Raptors,Phoenix Suns,1.0,9.0
Mon Mar 17 2025,Washington Wizards,Portland Trail Blazers,1.0,217.0
Mon Mar 17 2025,Memphis Grizzlies,Sacramento Kings,1.0,-93.0
Mon Mar 17 2025,San Antonio Spurs,Los Angeles Lakers,1.0,190.0
Tue Mar 18 2025,Atlanta Hawks,Charlotte Hornets,0.0,-143.0
Tue Mar 18 2025,Brooklyn Nets,Boston Celtics,1.0,219.0
Tue Mar 18 2025,Milwaukee Bucks,Golden State Warriors,1.0,-17.0
Tue Mar 18 2025,Cleveland Cavaliers,Los Angeles Clippers,1.0,-199.0
Wed Mar 19 2025,Dallas Mavericks,Indiana Pacers,1.0,74.0
Wed Mar 19 2025,Houston Rockets,Orlando Magic,0.0,-119.0
Wed Mar 19 2025,Detroit Pistons,Miami Heat,0.0,-116.0
Wed Mar 19 2025,New Orleans Pelicans,Minnesota Timberwolves,0.0,162.0
Wed Mar 19 2025,Philadelphia 76ers,Oklahoma City Thunder,1.0,311.0
Wed Mar 19 2025,New York Knicks,San Antonio Spurs,1.0,-200.0
Wed Mar 19 2025,Washington Wizards,Utah Jazz,1.0,54.0
Wed Mar 19 2025,Denver Nuggets,Los Angeles Lakers,1.0,-16.0
Wed Mar 19 2025,Chicago Bulls,Phoenix Suns,1.0,27.0
Wed Mar 19 2025,Memphis Grizzlies,Portland Trail Blazers,1.0,-85.0
Wed Mar 19 2025,Cleveland Cavaliers,Sacramento Kings,1.0,-210.0
Thu Mar 20 2025,New York Knicks,Charlotte Hornets,1.0,-298.0
Thu Mar 20 2025,Brooklyn Nets,Indiana Pacers,1.0,181.0
Thu Mar 20 2025,Toronto Raptors,Golden State Warriors,1.0,123.0
Thu Mar 20 2025,Chicago Bulls,Sacramento Kings,0.0,108.0
Thu Mar 20 2025,Milwaukee Bucks,Los Angeles Lakers,0.0,41.0
Fri Mar 21 2025,Orlando Magic,Washington Wizards,0.0,-143.0
Fri Mar 21 2025,Houston Rockets,Miami Heat,0.0,-101.0
Fri Mar 21 2025,New Orleans Pelicans,Minnesota Timberwolves,1.0,162.0
Fri Mar 21 2025,Charlotte Hornets,Oklahoma City Thunder,1.0,383.0
Fri Mar 21 2025,Philadelphia 76ers,San Antonio Spurs,1.0,26.0
Fri Mar 21 2025,Detroit Pistons,Dallas Mavericks,1.0,-65.0
Fri Mar 21 2025,Boston Celtics,Utah Jazz,0.0,-270.0
Fri Mar 21 2025,Cleveland Cavaliers,Phoenix Suns,1.0,-291.0
Fri Mar 21 2025,Denver Nuggets,Portland Trail Blazers,1.0,-99.0
Fri Mar 21 2025,Memphis Grizzlies,Los Angeles Clippers,1.0,-82.0
Sat Mar 22 2025,Brooklyn Nets,Indiana Pacers,1.0,181.0
Sat Mar 22 2025,Golden State Warriors,Atlanta Hawks,1.0,-87.0
Sat Mar 22 2025,Washington Wizards,New York Knicks,1.0,310.0
Sat Mar 22 2025,Milwaukee Bucks,Sacramento Kings,0.0,-50.0
Sat Mar 22 2025,Chicago Bulls,Los Angeles Lakers,0.0,199.0
Sun Mar 23 2025,New Orleans Pelicans,Detroit Pistons,1.0,189.0
Sun Mar 23 2025,Cleveland Cavaliers,Utah Jazz,0.0,-365.0
Sun Mar 23 2025,Philadelphia 76ers,Atlanta Hawks,1.0,71.0
Sun Mar 23 2025,Charlotte Hornets,Miami Heat,1.0,149.0
Sun Mar 23 2025,Boston Celtics,Portland Trail Blazers,0.0,-107.0
Sun Mar 23 2025,San Antonio Spurs,Toronto Raptors,0.0,9.0
Sun Mar 23 2025,Denver Nuggets,Houston Rockets,0.0,-54.0
Sun Mar 23 2025,Oklahoma City Thunder,Los Angeles Clippers,0.0,-175.0
Mon Mar 24 2025,Minnesota Timberwolves,Indiana Pacers,1.0,36.0
Mon Mar 24 2025,Los Angeles Lakers,Orlando Magic,1.0,-157.0
Mon Mar 24 2025,Toronto Raptors,Washington Wizards,0.0,-119.0
Mon Mar 24 2025,Dallas Mavericks,Brooklyn Nets,0.0,-107.0
Mon Mar 24 2025,Philadelphia 76ers,New Orleans Pelicans,1.0,4.0
Mon Mar 24 2025,Chicago Bulls,Denver Nuggets,0.0,215.0
Mon Mar 24 2025,Milwaukee Bucks,Phoenix Suns,1.0,-131.0
Mon Mar 24 2025,Boston Celtics,Sacramento Kings,0.0,-115.0
Tue Mar 25 2025,Orlando Magic,Charlotte Hornets,0.0,-131.0
Tue Mar 25 2025,San Antonio Spurs,Detroit Pistons,1.0,167.0
Tue Mar 25 2025,Golden State Warriors,Miami Heat,1.0,-81.0
Tue Mar 25 2025,Dallas Mavericks,New York Knicks,1.0,98.0
Tue Mar 25 2025,Atlanta Hawks,Houston Rockets,1.0,107.0
Tue Mar 25 2025,Memphis Grizzlies,Utah Jazz,0.0,-248.0
Tue Mar 25 2025,Cleveland Cavaliers,Portland Trail Blazers,0.0,-202.0
Tue Mar 25 2025,Oklahoma City Thunder,Sacramento Kings,0.0,-186.0
Wed Mar 26 2025,Washington Wizards,Philadelphia 76ers,0.0,84.0
Wed Mar 26 2025,Toronto Raptors,Brooklyn Nets,0.0,-14.0
Wed Mar 26 2025,Los Angeles Lakers,Indiana Pacers,0.0,-14.0
Wed Mar 26 2025,Los Angeles Clippers,New York Knicks,0.0,90.0
Wed Mar 26 2025,Milwaukee Bucks,Denver Nuggets,1.0,57.0
Wed Mar 26 2025,Boston Celtics,Phoenix Suns,0.0,-196.0
Thu Mar 27 2025,San Antonio Spurs,Cleveland Cavaliers,1.0,309.0
Thu Mar 27 2025,Dallas Mavericks,Orlando Magic,0.0,-69.0
Thu Mar 27 2025,Indiana Pacers,Washington Wizards,0.0,-286.0
Thu Mar 27 2025,Atlanta Hawks,Miami Heat,1.0,6.0
Thu Mar 27 2025,Los Angeles Lakers,Chicago Bulls,1.0,-199.0
Thu Mar 27 2025,Memphis Grizzlies,Oklahoma City Thunder,1.0,93.0
Thu Mar 27 2025,Houston Rockets,Utah Jazz,0.0,-208.0
Thu Mar 27 2025,Portland Trail Blazers,Sacramento Kings,1.0,-8.0
Fri Mar 28 2025,Cleveland Cavaliers,Detroit Pistons,1.0,-142.0
Fri Mar 28 2025,Los Angeles Clippers,Brooklyn Nets,0.0,-115.0
Fri Mar 28 2025,Charlotte Hornets,Toronto Raptors,1.0,107.0
Fri Mar 28 2025,New York Knicks,Milwaukee Bucks,0.0,-51.0
Fri Mar 28 2025,Phoenix Suns,Minnesota Timberwolves,1.0,122.0
Fri Mar 28 2025,Golden State Warriors,New Orleans Pelicans,0.0,-154.0
Fri Mar 28 2025,Utah Jazz,Denver Nuggets,1.0,262.0
Sat Mar 29 2025,Sacramento Kings,Orlando Magic,,-66.0
Sat Mar 29 2025,Brooklyn Nets,Washington Wizards,,-105.0
Sat Mar 29 2025,Miami Heat,Philadelphia 76ers,,-77.0
Sat Mar 29 2025,Dallas Mavericks,Chicago Bulls,,-111.0
Sat Mar 29 2025,Los Angeles Lakers,Memphis Grizzlies,,2.0
Sat Mar 29 2025,Indiana Pacers,Oklahoma City Thunder,,109.0
Sat Mar 29 2025,Boston Celtics,San Antonio Spurs,,-214.0
Sun Mar 30 2025,Los Angeles Clippers,Cleveland Cavaliers,,199.0
Sun Mar 30 2025,Portland Trail Blazers,New York Knicks,,93.0
Sun Mar 30 2025,Atlanta Hawks,Milwaukee Bucks,,104.0
Sun Mar 30 2025,Detroit Pistons,Minnesota Timberwolves,,-27.0
Sun Mar 30 2025,Charlotte Hornets,New Orleans Pelicans,,76.0
Sun Mar 30 2025,Golden State Warriors,San Antonio Spurs,,-132.0
Sun Mar 30 2025,Toronto Raptors,Philadelphia 76ers,,-35.0
Sun Mar 30 2025,Houston Rockets,Phoenix Suns,,-134.0
Mon Mar 31 2025,Utah Jazz,Charlotte Hornets,,-42.0
Mon Mar 31 2025,Sacramento Kings,Indiana Pacers,,77.0
Mon Mar 31 2025,Los Angeles Clippers,Orlando Magic,,-77.0
Mon Mar 31 2025,Miami Heat,Washington Wizards,,-161.0
Mon Mar 31 2025,Boston Celtics,Memphis Grizzlies,,-22.0
Mon Mar 31 2025,Chicago Bulls,Oklahoma City Thunder,,294.0
Mon Mar 31 2025,Brooklyn Nets,Dallas Mavericks,,107.0
Mon Mar 31 2025,Houston Rockets,Los Angeles Lakers,,38.0
Tue Apr 1 2025,Portland Trail Blazers,Atlanta Hawks,,-62.0
Tue Apr 1 2025,Phoenix Suns,Milwaukee Bucks,,131.0
Tue Apr 1 2025,Philadelphia 76ers,New York Knicks,,226.0
Tue Apr 1 2025,Toronto Raptors,Chicago Bulls,,-18.0
Tue Apr 1 2025,Golden State Warriors,Memphis Grizzlies,,60.0
Tue Apr 1 2025,Orlando Magic,San Antonio Spurs,,-33.0
Tue Apr 1 2025,Minnesota Timberwolves,Denver Nuggets,,66.0
Wed Apr 2 2025,New York Knicks,Cleveland Cavaliers,,109.0
Wed Apr 2 2025,Charlotte Hornets,Indiana Pacers,,274.0
Wed Apr 2 2025,Sacramento Kings,Washington Wizards,,-209.0
Wed Apr 2 2025,Miami Heat,Boston Celtics,,163.0
Wed Apr 2 2025,Utah Jazz,Houston Rockets,,208.0
Wed Apr 2 2025,Atlanta Hawks,Dallas Mavericks,,57.0
Wed Apr 2 2025,San Antonio Spurs,Denver Nuggets,,206.0
Wed Apr 2 2025,Detroit Pistons,Oklahoma City Thunder,,118.0
Wed Apr 2 2025,New Orleans Pelicans,Los Angeles Clippers,,132.0
Thu Apr 3 2025,Orlando Magic,Washington Wizards,,-143.0
Thu Apr 3 2025,Minnesota Timberwolves,Brooklyn Nets,,-145.0
Thu Apr 3 2025,Memphis Grizzlies,Miami Heat,,-141.0
Thu Apr 3 2025,Milwaukee Bucks,Philadelphia 76ers,,-175.0
Thu Apr 3 2025,Portland Trail Blazers,Toronto Raptors,,-98.0
Thu Apr 3 2025,Golden State Warriors,Los Angeles Lakers,,58.0
Fri Apr 4 2025,Sacramento Kings,Charlotte Hornets,,-197.0
Fri Apr 4 2025,Utah Jazz,Indiana Pacers,,232.0
Fri Apr 4 2025,Phoenix Suns,Boston Celtics,,196.0
Fri Apr 4 2025,Detroit Pistons,Toronto Raptors,,-158.0
Fri Apr 4 2025,Portland Trail Blazers,Chicago Bulls,,-116.0
Fri Apr 4 2025,Oklahoma City Thunder,Houston Rockets,,-133.0
Fri Apr 4 2025,Cleveland Cavaliers,San Antonio Spurs,,-309.0
Fri Apr 4 2025,Denver Nuggets,Golden State Warriors,,-74.0
Fri Apr 4 2025,Dallas Mavericks,Los Angeles Clippers,,8.0
Fri Apr 4 2025,New Orleans Pelicans,Los Angeles Lakers,,212.0
Sat Apr 5 2025,New York Knicks,Atlanta Hawks,,-155.0
Sat Apr 5 2025,Memphis Grizzlies,Detroit Pistons,,-25.0
Sat Apr 5 2025,Minnesota Timberwolves,Philadelphia 76ers,,-166.0
Sat Apr 5 2025,Milwaukee Bucks,Miami Heat,,-98.0
Sat Apr 5 2025,Dallas Mavericks,Los Angeles Clippers,,8.0
Sun Apr 6 2025,Chicago Bulls,Charlotte Hornets,,-89.0
Sun Apr 6 2025,Toronto Raptors,Brooklyn Nets,,-14.0
Sun Apr 6 2025,Los Angeles Lakers,Oklahoma City Thunder,,95.0
Sun Apr 6 2025,Utah Jazz,Atlanta Hawks,,101.0
Sun Apr 6 2025,Washington Wizards,Boston Celtics,,324.0
Sun Apr 6 2025,Sacramento Kings,Cleveland Cavaliers,,210.0
Sun Apr 6 2025,San Antonio Spurs,Portland Trail Blazers,,107.0
Sun Apr 6 2025,Phoenix Suns,New York Knicks,,182.0
Sun Apr 6 2025,Indiana Pacers,Denver Nuggets,,30.0
Sun Apr 6 2025,Houston Rockets,Golden State Warriors,,-20.0
Sun Apr 6 2025,Milwaukee Bucks,New Orleans Pelicans,,-171.0
Mon Apr 7 2025,Sacramento Kings,Detroit Pistons,,68.0
Mon Apr 7 2025,Philadelphia 76ers,Miami Heat,,77.0
Tue Apr 8 2025,Memphis Grizzlies,Charlotte Hornets,,-290.0
Tue Apr 8 2025,Chicago Bulls,Cleveland Cavaliers,,318.0
Tue Apr 8 2025,Washington Wizards,Indiana Pacers,,286.0
Tue Apr 8 2025,Atlanta Hawks,Orlando Magic,,-12.0
Tue Apr 8 2025,New Orleans Pelicans,Brooklyn Nets,,17.0
Tue Apr 8 2025,Boston Celtics,New York Knicks,,-14.0
Tue Apr 8 2025,Minnesota Timberwolves,Milwaukee Bucks,,9.0
Tue Apr 8 2025,Los Angeles Lakers,Oklahoma City Thunder,,95.0
Tue Apr 8 2025,Golden State Warriors,Phoenix Suns,,-114.0
Tue Apr 8 2025,San Antonio Spurs,Los Angeles Clippers,,110.0
Wed Apr 9 2025,Boston Celtics,Orlando Magic,,-181.0
Wed Apr 9 2025,Philadelphia 76ers,Washington Wizards,,-84.0
Wed Apr 9 2025,Los Angeles Lakers,Dallas Mavericks,,-88.0
Wed Apr 9 2025,Charlotte Hornets,Toronto Raptors,,107.0
Wed Apr 9 2025,Miami Heat,Chicago Bulls,,-60.0
Wed Apr 9 2025,Portland Trail Blazers,Utah Jazz,,-163.0
Wed Apr 9 2025,San Antonio Spurs,Golden State Warriors,,132.0
Wed Apr 9 2025,Oklahoma City Thunder,Phoenix Suns,,-267.0
Wed Apr 9 2025,Denver Nuggets,Sacramento Kings,,-107.0
Wed Apr 9 2025,Houston Rockets,Los Angeles Clippers,,-42.0
Thu Apr 10 2025,New York Knicks,Detroit Pistons,,-33.0
Thu Apr 10 2025,Cleveland Cavaliers,Indiana Pacers,,-133.0
Thu Apr 10 2025,Atlanta Hawks,Brooklyn Nets,,-50.0
Thu Apr 10 2025,New Orleans Pelicans,Milwaukee Bucks,,171.0
Thu Apr 10 2025,Minnesota Timberwolves,Memphis Grizzlies,,52.0
